,variance,skewness,curtosis,entropy,class
0,-1.7462293465049554,2.565905822219419,2.901208657111917,3.155318157929256,1.0
1,-0.43130978360325783,0.9534149343891909,0.8922075712305737,0.7769943199127997,0.0
2,0.9488966953770358,-2.3634112497826494,-1.6927068739534485,0.7185181182206393,0.0
3,0.05292307087198655,0.5332047021150751,0.06021245729925265,0.023598226156939916,0.0
4,1.2380814933959996,-1.2255845994282655,-0.7261350277456504,5.2887047417196715,0.0
5,-2.1314420606202185,2.428765011153842,3.813326480123932,3.422153574463785,1.0
6,0.05292307087198655,0.5332047021150751,0.06021245729925265,0.023598226156939916,0.0
7,4.618492431993813,-10.353110522318701,-7.714855375759659,3.1980165298663055,0.0
8,-0.5583013267380557,1.0636163495644386,1.1104008276820563,0.9745747435737816,1.0
9,0.1267243802828403,-1.0563167075674265,-0.4781135582997528,0.20638722423712622,0.0
10,0.05292307087198655,0.5332047021150751,0.06021245729925265,0.023598226156939916,1.0
11,2.219649191042049,-4.588359325010881,-3.6270601833353124,1.5284629074722575,0.0
12,0.5368322707377914,-2.6712393570477753,-1.3524474306900578,0.5483688065208241,0.0
13,0.05292307087198655,0.5332047021150751,0.06021245729925265,0.023598226156939916,1.0
14,0.7965043916683552,-0.8198179590380014,-0.8969600763131054,1.4999885070163865,0.0
15,-0.28664110031434337,0.8278735539442316,0.6436419554883481,0.5519108298700068,1.0
16,0.05292307087198655,0.5332047021150751,0.06021245729925265,0.023598226156939916,1.0
17,0.05292307087198655,0.5332047021150751,0.06021245729925265,0.023598226156939916,0.0
18,0.05292307087198655,0.5332047021150751,0.06021245729925265,0.023598226156939916,1.0
19,0.05292307087198655,0.5332047021150751,0.06021245729925265,0.023598226156939916,0.0
20,-2.60528381348145,3.172950944227948,4.670521412289343,4.239228952683367,1.0
21,0.691688140022057,-0.4128666978551281,-0.43229935753215726,2.5738711081975714,0.0
22,6.754978090042978,-13.23943165992218,-9.886026345647938,8.511902387122634,0.0
23,6.928180816227396,-14.207337627483176,-11.134351501653432,4.860676584491144,0.0
24,0.20858645485636415,-1.8481194635226563,-0.9762576653306345,1.9328807554819967,1.0
25,0.05292307087198655,0.5332047021150751,0.06021245729925265,0.023598226156939916,1.0
26,0.05292307087198655,0.5332047021150751,0.06021245729925265,0.023598226156939916,1.0
27,0.05060985884535421,0.3900629157129669,-0.03529161028975784,0.04930989358905203,0.0
28,-0.7177984005306861,1.2020255917420972,1.3844441621138301,1.2227290586936805,1.0
29,-0.45693410084616976,0.9756513444158881,0.9362345440947594,0.8168620412736137,0.0
30,0.05141336022427827,0.3710155605587496,-0.03611845100897803,0.05012762095692001,0.0
31,1.6666157642422235,-5.3385605678495,-3.769703794805735,1.4520489220731598,1.0
32,0.05292307087198655,0.5332047021150751,0.06021245729925265,0.023598226156939916,1.0
33,0.05292307087198655,0.5332047021150751,0.06021245729925265,0.023598226156939916,0.0
34,-0.9888603001733121,1.4372491680789936,1.8501750062549234,1.6444620627008208,0.0
35,-0.6053225169792984,1.1044206549527837,1.1911912989819524,1.0477328961528618,1.0
36,3.188273554628291,-5.936832750567203,-4.7194266981266395,3.4780176456818186,0.0
37,7.504014596010794,-15.702558387621943,-12.190097700887442,5.063880474012471,0.0
38,0.052199957848644514,-1.2902639663992337,-0.8490820671191135,0.28379230093971547,0.0
39,2.827499943471011,-7.419400214367263,-5.110196618568379,4.30007835689874,1.0
40,-0.2660025450947623,-0.2247242903691828,0.7711302828625244,5.402794161403905,1.0
41,0.0250348129273675,0.5574057269739283,0.10812926866704801,0.0669883109125499,1.0
42,1.5250579785076848,-4.674800715536323,-3.096777823101859,2.956913594772764,1.0
43,2.601432130676901,-6.8855168006889444,-4.662324532302934,1.9181504044113633,0.0
44,0.05292307087198655,0.5332047021150751,0.06021245729925265,0.023598226156939916,0.0
45,4.023059907604957,-9.816066976729687,-6.758827248804086,6.312449221268888,1.0
46,-0.23933997663986029,0.7868263263916505,0.5623705105276819,0.4783171414672712,1.0
47,-0.0818190376618199,0.6501319452808721,0.29172251471247157,0.2332374055220146,1.0
48,0.05292307087198655,0.5332047021150751,0.06021245729925265,0.023598226156939916,0.0
49,-0.8010057121676095,1.274231687273857,1.527408597685436,1.3521875681273672,1.0
50,6.181596616521264,-12.264277231914066,-9.378781764145259,6.43980310436657,0.0
51,-0.976327491614834,2.947920896417577,2.2516551453747433,2.308995595468277,0.0
52,9.614014452651471,-20.270857411341495,-15.645627408514533,6.487267243830264,0.0
53,0.04849460032251658,0.2591705114822735,-0.12262290141546454,0.07282128080560565,1.0
54,0.05292307087198655,0.5332047021150751,0.06021245729925265,0.023598226156939916,0.0
55,-0.44506002747574913,0.9653471961473211,0.915832849052076,0.79838770519425,1.0
56,0.05292307087198655,0.5332047021150751,0.06021245729925265,0.023598226156939916,0.0
57,0.05292307087198655,0.5332047021150751,0.06021245729925265,0.023598226156939916,0.0
58,5.190475548156345,-11.332678993904821,-8.579425089586802,3.5606149234042497,0.0
59,-0.5159239524282566,0.08588692882744033,0.3927019467626232,1.0519908061934207,1.0
60,0.05292307087198655,0.5332047021150751,0.06021245729925265,0.023598226156939916,0.0
61,-0.1836907660507226,0.7385347503628534,0.4667556201368346,0.3917350405400469,0.0
62,-1.4691508402105529,1.8540383171895427,2.6753965476793677,2.391724486941076,1.0
63,-0.6004205491345076,1.10016679851239,1.1827688772940763,1.0401061451138716,1.0
64,0.05292307087198655,0.5332047021150751,0.06021245729925265,0.023598226156939916,1.0
65,3.8971887248465467,-8.957202954488151,-6.579800674770035,2.7263267295255895,0.0
66,-1.6380315166434465,2.000590513337778,2.9655625212002064,2.6544783268746976,1.0
67,-0.2706829834847413,0.8140253321277017,0.6162231731668507,0.5270823144729037,0.0
68,3.525764542014487,-8.648358104745029,-6.10962497997219,2.520274557023053,0.0
69,0.05292307087198655,0.5332047021150751,0.06021245729925265,0.023598226156939916,0.0
70,-1.5527178781767859,1.9265565780008724,2.8189790547956286,2.521742678372418,1.0
71,3.5118495719070633,-9.120126118043059,-6.588723767217532,3.3630628765050217,1.0
72,-0.8309676899370404,1.3002322560529593,1.5788884154580234,1.3988040601808682,1.0
73,-1.4565366654779957,1.8430919197170739,2.653723231532456,2.372098660478389,0.0
74,-0.32549284695941255,1.78383567257709,1.2267045567438621,1.8629819235063276,0.0
75,-0.015039369735413857,-1.108238550192548,-0.19364913619441154,3.4087080363748137,1.0
76,0.05292307087198655,0.5332047021150751,0.06021245729925265,0.023598226156939916,1.0
77,-1.0687617869231651,1.5065865168274342,1.9874594675576711,1.7687771880507104,1.0
78,0.04421559596821331,0.5407609222641617,0.07517339294759846,0.03714579427081583,0.0
79,0.05292307087198655,0.5332047021150751,0.06021245729925265,0.023598226156939916,1.0
80,-0.6655779510149904,1.1567094447321444,1.2947204714496785,1.1414816127269354,0.0
81,0.26703827210982933,-2.343556446126044,-1.4874359246977629,0.511067804281119,1.0
82,2.5175666057149106,-4.589367524939778,-3.789767105378322,2.3677538360755483,0.0
83,1.957909302377877,-6.592445953399964,-4.420516229130872,1.704552702495172,1.0
84,7.224818757966804,-14.556245699873967,-11.14373190973855,6.920982325864396,0.0
85,0.05292307087198655,0.5332047021150751,0.06021245729925265,0.023598226156939916,1.0
86,6.2002109131039695,-14.434123472648544,-10.173569199396026,8.365791906569658,1.0
87,-0.31317559284084134,0.8508998008516593,0.6892327656299224,0.593194651970268,0.0
88,0.05292307087198655,0.5332047021150751,0.06021245729925265,0.023598226156939916,0.0
89,-1.703289666329314,2.057220587038569,3.077687217368703,2.7560105434615862,0.0
90,-0.16629192678923457,0.7234362905623657,0.4368614295220288,0.36466496998546566,1.0
91,0.2893694363228465,-1.9270380075636186,-0.9526290830690759,2.596224680638983,1.0
92,3.6360553021382103,-6.530067573855746,-4.8418220211262,6.165359740345776,0.0
93,-1.9674927127474997,2.2864921502480215,3.531633375036818,3.1670721665841355,0.0
94,-3.011138867811433,3.1921531131057646,5.32479650649632,4.790834224903304,1.0
95,0.4005338113677871,-2.2849533602264764,-1.3255961456788912,1.9253463805035924,1.0
96,-1.1521769863121238,1.5789730143285408,2.1307810899503306,1.8985591406768112,0.0
97,1.9073377333598482,-3.307872731100121,-2.85362073505799,1.7103469501591209,0.0
98,-1.4141702492207409,1.8063269595299436,2.5809304604615733,2.3061826611411687,0.0
99,1.7763335173519597,-2.7920250004083162,-2.2611219009671797,3.098405153461934,0.0
100,-0.22047230016084288,0.7704532310049018,0.5299526055947529,0.44896177322620995,1.0
101,2.3426396661342985,-4.129691749310925,-3.3712581241850867,2.7657662824155613,0.0
102,-2.17502702816801,2.466587412437962,3.8882129313539204,3.4899654628838044,1.0
103,-0.4655563319258087,0.9831335912135006,0.9510490162297002,0.8302769823599635,1.0
104,-1.1606935703215533,1.586363582134318,2.1454140422949415,1.911809710243804,1.0
105,0.05292307087198655,0.5332047021150751,0.06021245729925265,0.023598226156939916,0.0
106,0.05292307087198655,0.5332047021150751,0.06021245729925265,0.023598226156939916,0.0
107,2.380237400877939,-7.057589712271652,-4.481579311480559,1.8274287413109331,0.0
108,-1.5297320607085108,1.906609819725205,2.7794854771777975,2.4859800800019496,1.0
109,1.3643011942605323,-3.7231715607472555,-2.5013737482755807,1.040114339391349,0.0
110,-1.2845615734027251,1.6938544346550057,2.3582405210923096,2.104530358585241,0.0
111,0.05292307087198655,0.5332047021150751,0.06021245729925265,0.023598226156939916,1.0
112,0.6639487716758901,-2.9387455321740306,-1.893335592473943,1.5700069820016824,1.0
113,-1.1294584309132083,1.559258182191725,2.0917467144163555,1.863212363325515,1.0
114,0.6536713769273912,-3.3474778197709614,-2.1671379747309785,0.7868780369702612,1.0
115,3.8267726157428625,-7.3587761597943935,-5.830809416159907,3.6508442886903305,0.0
116,0.04530777658012353,0.5398131438051527,0.07329683929321136,0.03544651963654769,0.0
117,0.05292307087198655,0.5332047021150751,0.06021245729925265,0.023598226156939916,0.0
118,0.05292307087198655,0.5332047021150751,0.06021245729925265,0.023598226156939916,0.0
119,-0.12955170189369422,0.6915536574562564,0.3737354203813372,0.3075025084461546,1.0
120,3.7228212514362586,-7.0621859560178475,-5.544009908046847,4.036165745189484,0.0
121,-1.6322529698725186,1.9955759744472896,2.95563398654048,2.645487746156005,1.0
122,-0.4058748153004758,0.9313428386203498,0.8485059323282623,0.7374211980417397,1.0
123,0.05292307087198655,0.5332047021150751,0.06021245729925265,0.023598226156939916,0.0
124,0.05292307087198655,0.5332047021150751,0.06021245729925265,0.023598226156939916,1.0
125,-1.8900130771368413,2.2192564487139923,3.3985100694587524,3.0465250903681795,1.0
126,-1.533273831538299,1.9096833169678897,2.785570847052672,2.491490561753611,1.0
127,0.015431357381810179,0.5657394660999238,0.12462965276308177,0.08192989496186356,1.0
128,-0.23516583777744543,0.7832040693623943,0.5551986238902842,0.4718227867685471,1.0
129,0.41646044969002793,-2.7203173592023195,-1.2416630451953385,0.4949948377304105,0.0
130,-1.5354821140284804,4.675766677643366,3.8535069133801882,4.154638311273207,0.0
131,9.198957482863214,-20.011973074899082,-15.144263942459297,6.264758624239582,0.0
132,-0.7903406873527742,1.2649767337670204,1.5090842554730204,1.3355943362533889,1.0
133,-0.919970048441859,1.7534659727474682,1.78042358147872,1.6274372538552426,0.0
134,4.073941909419168,-7.606310267032392,-5.768384821023319,5.641904424375416,0.0
135,0.004679481930700597,0.5750697873264528,0.14310321926780684,0.09865825383002377,1.0
136,0.05292307087198655,0.5332047021150751,0.06021245729925265,0.023598226156939916,0.0
137,3.8882443777847677,-7.621193006771554,-6.141948522420532,2.870169673778868,0.0
138,0.05292307087198655,0.5332047021150751,0.06021245729925265,0.023598226156939916,1.0
139,-0.2885978819651755,0.8295716206169214,0.6470040420495482,0.5549552983286117,1.0
140,0.05292307087198655,0.5332047021150751,0.06021245729925265,0.023598226156939916,1.0
141,0.05292307087198655,0.5332047021150751,0.06021245729925265,0.023598226156939916,0.0
142,-0.606585087475198,1.1055162952763204,1.1933606116873463,1.0496972727351426,1.0
143,-0.5519645490105717,1.0581173859643311,1.0995131564746803,0.9647156364463662,1.0
144,0.05292307087198655,0.5332047021150751,0.06021245729925265,0.023598226156939916,0.0
145,0.05292307087198655,0.5332047021150751,0.06021245729925265,0.023598226156939916,1.0
146,-0.34019522429916144,0.874347044272112,0.7356571276817473,0.6352332798892292,0.0
147,0.7438845614513351,-0.3400005769826988,-0.21559297122539595,3.789242467536439,0.0
148,-1.1317201548169304,1.5612208733188129,2.095632744080736,1.8667312777041465,1.0
149,-0.8618551827220531,3.539426414880396,3.0728757537607687,5.282036816858485,0.0
150,-1.5490775044709455,1.9233975146156475,2.812724268264414,2.5160787848458956,1.0
151,0.9897345901894002,-4.59035935566551,-2.8611755777041674,1.0598845287035505,1.0
152,2.0776063005070764,-5.5825417063482385,-3.7573793617840927,1.5496095350999517,0.0
153,2.193007972836954,-5.815574400384686,-3.695466421874579,5.340366524793631,1.0
154,0.032438915379296794,-0.7343568427861414,-0.7855034339179152,0.2512824105688954,1.0
155,0.05292307087198655,0.5332047021150751,0.06021245729925265,0.023598226156939916,0.0
156,0.05292307087198655,0.5332047021150751,0.06021245729925265,0.023598226156939916,1.0
157,0.0470047526992314,0.5383405325963435,0.07038114320504338,0.03280627090596881,1.0
158,0.05292307087198655,0.5332047021150751,0.06021245729925265,0.023598226156939916,0.0
159,0.05292307087198655,0.5332047021150751,0.06021245729925265,0.023598226156939916,0.0
160,-0.5839628143779482,1.0858850155213247,1.1544916656648205,1.014500296681512,1.0
161,5.634156817234758,-11.236743607944067,-8.737544106876461,5.0744249942185995,0.0
162,-0.5064085034571679,2.1313365226211913,1.4704064067703526,1.5912899180712905,0.0
163,-0.1695542958914537,0.7262673270472672,0.44246673929769087,0.3697407431703834,0.0
164,2.3497898572231706,-4.085844468459765,-3.286494160996489,3.147375024723203,0.0
165,0.05292307087198655,0.5332047021150751,0.06021245729925265,0.023598226156939916,0.0
166,-0.13295902493739284,1.3534464042944818,0.8889507889446636,1.9048398682456174,0.0
167,0.05292307087198655,0.5332047021150751,0.06021245729925265,0.023598226156939916,0.0
168,0.05292307087198655,0.5332047021150751,0.06021245729925265,0.023598226156939916,0.0
169,-0.08686423822869217,1.5362727689403974,1.2730144500336453,3.7307282686185843,0.0
170,-2.490861742252685,2.7406641863271965,4.43087115146397,3.981358472806177,1.0
171,0.05292307087198655,0.5332047021150751,0.06021245729925265,0.023598226156939916,0.0
172,0.05292307087198655,0.5332047021150751,0.06021245729925265,0.023598226156939916,0.0
173,0.14642618153518197,-1.5081839006914335,-0.540339455879473,3.196039780755784,1.0
174,0.05292307087198655,0.5332047021150751,0.06021245729925265,0.023598226156939916,0.0
175,0.05292307087198655,0.5332047021150751,0.06021245729925265,0.023598226156939916,0.0
176,4.659091556409677,-8.83600987320704,-6.667475207906633,6.266755559459172,0.0
177,-2.352686945622546,2.620758106329174,4.19346314702505,3.766378528602537,1.0
178,0.3352295056192885,0.5137325771534278,0.4040803734517889,3.3207140289942068,0.0
179,1.1289518509492935,-1.0600522238975314,-0.6622266233063636,4.766871833163517,0.0
180,0.05292307087198655,0.5332047021150751,0.06021245729925265,0.023598226156939916,1.0
181,-0.34982904019028754,0.8827071296646719,0.7522096760597726,0.6502221002331172,1.0
182,0.6615595205005024,-2.924150793766377,-1.8740940656739298,1.6282691952610668,1.0
183,1.9242225929871402,-6.726712385203849,-3.9177912209903782,1.5787894665618065,0.0
184,5.653749631558773,-11.268939176857389,-8.753045543889476,5.1523830315146135,0.0
185,-0.08617388566476879,1.2744515187496028,0.8484939660292204,2.077552699671565,0.0
186,0.05292307087198655,0.5332047021150751,0.06021245729925265,0.023598226156939916,0.0
187,0.05292307087198655,0.5332047021150751,0.06021245729925265,0.023598226156939916,1.0
188,0.05292307087198655,0.5332047021150751,0.06021245729925265,0.023598226156939916,1.0
189,-0.15494431042048387,0.7135889940272355,0.417364277921692,0.3470097246491665,0.0
190,6.93474709852217,-17.479968177115733,-12.602359023479025,5.0719746778419035,1.0
191,0.8652365835606158,-1.9322563515516735,-1.4859859572877028,0.6396154292999469,0.0
192,-0.367974918397444,1.9079455590678362,1.3486307443133523,2.0388836702470905,0.0
193,-0.9199703346365093,1.3774674573750667,1.7318102274180358,1.5372792673685054,1.0
194,-1.3022479409614098,1.7092024073322711,2.388628734647058,2.1320477814703183,1.0
195,0.004431288794088288,0.5752851657226536,0.14352965765393516,0.09904440635538961,0.0
196,-1.6244799706134574,1.9888306786790866,2.942278640358654,2.633394086619231,0.0
197,0.05292307087198655,0.5332047021150751,0.06021245729925265,0.023598226156939916,0.0
198,3.9071001391023383,-8.15831298252492,-6.367304471180115,2.659299267292166,0.0
199,0.06786203080286832,-0.7496117664683403,-0.4143213493203687,0.17045417006579827,0.0
200,4.5211997035402876,-9.063560096022748,-7.254701772432889,3.035437218214145,0.0
201,-0.1004907861565465,0.6663350172108748,0.3238037817570256,0.2622879382347593,0.0
202,-0.9755419166560031,1.4256916684595409,1.8272917386090866,1.6237405894997579,0.0
203,0.05292307087198655,0.5332047021150751,0.06021245729925265,0.023598226156939916,1.0
204,1.107562874666987,-3.459204591786898,-1.9052110326823803,4.659546944851945,1.0
205,0.05292307087198655,0.5332047021150751,0.06021245729925265,0.023598226156939916,0.0
206,-1.1331235944732572,1.562438757852085,2.0980440941697887,1.8689148262699378,0.0
207,-0.0024534112998091115,0.5812596083877004,0.15535875348266104,0.10975600122031028,1.0
208,0.05292307087198655,0.5332047021150751,0.06021245729925265,0.023598226156939916,1.0
209,0.8489813852372634,-2.521049894629307,-1.6333438213821991,0.6847190744476784,0.0
210,-1.1982049540963249,1.6189154157062098,2.2098650346821342,1.9701719831587963,1.0
211,3.000934527738806,-8.050758217715414,-5.810732722985387,2.789999057102292,1.0
212,-1.6833539431632316,2.0399206562619794,3.0434342250044355,2.724993449473197,0.0
213,-0.4843102254474144,0.20079614559730297,1.0524763112604942,4.958427491805691,1.0
214,3.5987914342350518,-7.165183582605629,-5.7716012897906195,2.4220580327489194,0.0
215,5.701213498969525,-10.913487674906973,-8.085653156500326,8.094550542895501,0.0
216,-1.616147989664781,1.981600306726029,2.9279628677409955,2.6204307326419727,1.0
217,0.10802048294334798,1.0640507117754847,0.8716477461734012,3.5407508441184734,0.0
218,0.05292307087198655,0.5332047021150751,0.06021245729925265,0.023598226156939916,0.0
219,2.8297374034784353,-5.1353066488873305,-4.090371220652131,3.4004252492954117,0.0
220,0.05292307087198655,0.5332047021150751,0.06021245729925265,0.023598226156939916,1.0
221,-1.7851653155443588,2.128271085277752,3.218363628453393,2.8833971792965025,1.0
222,-1.0754677196992815,1.5124058278126837,1.9989814104669914,1.7792106468956097,1.0
223,2.2544752909704395,-3.7705087461817213,-2.952958740647001,3.7762873953657174,0.0
224,1.7826005743851183,-2.7924170641882324,-2.2499691252382616,3.1862667314336606,0.0
225,-0.3890804725337411,0.9167689520910096,0.8196503703925624,0.7112916363634711,1.0
226,0.05292307087198655,0.5332047021150751,0.06021245729925265,0.023598226156939916,0.0
227,0.05292307087198655,0.5332047021150751,0.06021245729925265,0.023598226156939916,1.0
228,-1.7798027415530948,5.385949779044555,4.513610026069672,4.9023454301987375,0.0
229,-0.20786406253614675,1.449429503457462,0.9041339217962138,1.4346347808469964,0.0
230,0.05292307087198655,0.5332047021150751,0.06021245729925265,0.023598226156939916,1.0
231,0.05292307087198655,0.5332047021150751,0.06021245729925265,0.023598226156939916,0.0
232,4.534225729109091,-8.919663659767426,-7.038441687702996,3.93518604433023,0.0
233,5.581698225545251,-11.906242096179515,-9.143881262452927,3.7999579066607505,0.0
234,-1.2014348791991647,1.6217182977600582,2.215414600101108,1.9751972781860005,1.0
235,0.8199875570869481,-3.005414645772382,-1.7082036658271067,3.396122460283494,1.0
236,0.05292307087198655,0.5332047021150751,0.06021245729925265,0.023598226156939916,0.0
237,0.05292307087198655,0.5332047021150751,0.06021245729925265,0.023598226156939916,0.0
238,1.4654781206150902,-2.295851789124907,-2.038981064062509,1.7685772090289775,0.0
239,-0.8934758296009362,1.354475911031003,1.6862881226457078,1.4960576600047777,0.0
240,0.0396151117665909,-0.2902931086263775,-0.4892245209114341,0.17151800816508733,0.0
241,-2.459065670088613,2.713072017092937,4.376240044883266,3.931888395871494,1.0
242,2.449348210618443,-4.1642056199899935,-3.226636332713046,4.084943725755823,0.0
243,0.051949331957974534,0.47294964290035774,0.02001033748179696,0.03442146710266154,1.0
244,0.05292307087198655,0.5332047021150751,0.06021245729925265,0.023598226156939916,0.0
245,1.6169719827552755,-4.474404487113155,-2.5979378099318255,5.55498311515453,1.0
246,0.10402673466152076,-0.744790344455031,-0.3677843232168535,0.16749868011743757,0.0
247,0.3839155356289961,-2.181312004678841,-1.1883010447466023,2.34410669557841,1.0
248,-0.7363904183854096,1.2181594745816748,1.416388438241101,1.2516555420938356,1.0
249,-1.3037720718792234,1.7105250259878864,2.3912474530278813,2.134419108135251,1.0
250,0.05292307087198655,0.5332047021150751,0.06021245729925265,0.023598226156939916,1.0
251,0.05292307087198655,0.5332047021150751,0.06021245729925265,0.023598226156939916,0.0
252,1.8969399641225153,-5.251293892295685,-3.334737656488397,4.65635593471672,1.0
253,1.5903916187080727,-1.706907787599524,-0.8461340455554603,7.310514221281228,0.0
254,-0.8793934021931875,1.342255385229617,1.662092096524687,1.4741474453187131,0.0
255,0.05050244202024606,-0.5409365887932381,-0.4967468787510531,0.18154260495863256,0.0
256,0.05292307087198655,0.5332047021150751,0.06021245729925265,0.023598226156939916,0.0
257,-0.9841005379512509,1.4331187156108947,1.8419969182222118,1.6370565629868585,1.0
258,-1.300189645281842,1.7074162482610589,2.385092229569801,2.128845371905479,1.0
259,3.6980960799285865,-6.861683840708883,-5.264434754955697,4.9533233828063326,0.0
260,-0.6720146917352594,1.162295154764322,1.305779896227268,1.151496247773591,0.0
261,-1.422459766011242,1.8135204817037978,2.5951732723707788,2.3190799470468413,1.0
262,2.0344132216673643,-5.928010235157042,-4.1766985963121215,2.3396998945784366,1.0
263,-0.3823832480815905,2.120443429210245,1.6671248906316967,3.1809778524601433,0.0
264,0.109665527845523,0.4566252764914687,-0.038638694364654946,0.062250652670680584,0.0
265,-0.9832769841091853,0.5869040600247456,1.1829258512609846,1.8197204638794875,1.0
266,-0.4320099707673197,0.9540225466321984,0.8934106128952459,0.7780837095926342,0.0
267,-0.7291124769494123,1.2118437827961348,1.4038836863262603,1.2403321207320068,1.0
268,0.05292307087198655,0.5332047021150751,0.06021245729925265,0.023598226156939916,0.0
269,3.631387008732382,-6.871149075301313,-5.405330709614918,3.9314555273180747,0.0
270,-1.8148391173410328,2.1540215791366397,3.2693483104683168,2.9295653113302667,1.0
271,-0.5347723300307605,1.043198228240837,1.069973974949418,0.9379670370841409,1.0
272,3.168540468884884,-5.697908062288291,-4.367970299231259,4.711212098691906,0.0
273,0.05292307087198655,0.5332047021150751,0.06021245729925265,0.023598226156939916,1.0
274,-2.5443966955296626,2.7871210405934796,4.5228533850925725,4.064651095984308,1.0
275,-1.466089942224988,1.8513821144110767,2.670137399844403,2.3869621735945166,1.0
276,0.05292307087198655,0.5332047021150751,0.06021245729925265,0.023598226156939916,1.0
277,0.05292307087198655,0.5332047021150751,0.06021245729925265,0.023598226156939916,0.0
278,-0.954120531754564,1.4071025020246821,1.7904861245188297,1.5904120213151924,0.0
279,0.06556608382703626,-0.6334975206636868,-0.3814588896608162,0.15937253995421563,0.0
280,-2.468904491552322,2.721610003341411,4.393144828003609,3.9471961751545677,1.0
281,0.05292307087198655,0.5332047021150751,0.06021245729925265,0.023598226156939916,1.0
282,1.2637744275858815,-1.0978313529469013,-0.4700235207549451,6.470627257022787,0.0
283,-0.7473401703281847,1.227661510151326,1.4352019905041362,1.268691768085197,1.0
284,5.099667415212319,-12.074786934130001,-8.406893907924538,7.486144141312492,1.0
285,5.491407033135958,-12.518644245379098,-9.221266104631336,3.8116422961733742,0.0
286,0.33542066212975136,-0.12869251515381858,-0.4352736869641534,0.22321793277430435,0.0
287,0.05292307087198655,0.5332047021150751,0.06021245729925265,0.023598226156939916,1.0
288,0.05292307087198655,0.5332047021150751,0.06021245729925265,0.023598226156939916,0.0
289,3.086745186779622,-6.174050855964465,-4.965783844618131,2.087192936423956,0.0
290,-0.9566332956577118,1.4092830420141382,1.7948034839680298,1.5943215175248493,0.0
291,0.47273012976832496,-2.007955445657857,-0.7392686670708434,4.725731998044803,1.0
292,-1.7377082180117065,2.0870885058782975,3.136824193647142,2.8095608181911884,0.0
293,0.2502392845815223,-1.0374002433019975,-0.6005575699667327,0.2639802235284615,0.0
294,0.0975945096642401,-0.6240434118206075,-0.32746678209574404,0.1535610330587252,0.0
295,-2.117945583988059,2.417052964918095,3.790137217954984,3.401155014204682,1.0
296,-0.14347684007247904,1.2502390756824802,0.7013095685253361,1.0976161187650177,0.0
297,2.153328271905968,-3.7423654074080894,-3.0974783208959615,2.49682375786579,0.0
298,0.578350841550638,-0.23727407174128626,-0.3599452234040951,2.055280753520234,0.0
299,2.198326209033703,-2.963085340023618,-1.7454214207248235,8.095663457071163,0.0
300,0.05292307087198655,0.5332047021150751,0.06021245729925265,0.023598226156939916,1.0
301,-0.4478402218604099,0.9677598084212476,0.9206096999461025,0.8027132844479651,1.0
302,-0.16825789472957586,0.725142328963559,0.4402392997045097,0.36772373097826827,1.0
303,-0.2828459031632518,1.6015193945345159,1.0104231886555157,1.319721293950187,0.0
304,0.007636576535168905,0.57250366361321,0.1380224234489926,0.09405744348995038,0.0
305,0.05292307087198655,0.5332047021150751,0.06021245729925265,0.023598226156939916,0.0
306,1.892079040585227,-6.382812148177523,-4.293996004489415,1.6541142434961351,1.0
307,-2.776718758396567,2.9887267497011303,4.922022543850245,4.426110532368291,1.0
308,-3.410041214204048,3.5383147708354548,6.010179169128852,5.411468423481021,1.0
309,0.05292307087198655,0.5332047021150751,0.06021245729925265,0.023598226156939916,1.0
310,1.2701061094213963,-5.6809953265774356,-3.4551774264001343,1.2924762362398998,1.0
311,-0.7608917391213921,1.2394213645636072,1.4584859104568026,1.2897760437569306,1.0
312,-0.45811219836316575,0.976673680316237,0.938258717731093,0.8186949901517525,0.0
313,0.7013672974395022,-2.5653106034629287,-1.215594055550349,4.481584478061063,1.0
314,4.01564657744846,-9.90665030487797,-6.967012812450914,2.868505818062805,0.0
315,1.8806981343900921,-5.236648213774315,-3.3414745882177908,4.5152293997088995,1.0
316,-2.4726197186342618,2.724834023398342,4.399528225476027,3.95297652967839,0.0
317,0.5186252903054109,-1.8614531291343241,-1.107837857727344,0.46686413896384815,0.0
318,0.7622102827667271,-0.8179229252925446,-0.9583966642798541,1.0176086176711878,0.0
319,-0.14401316491138358,0.7041031048502631,0.39858269470363566,0.3300024475701303,0.0
320,0.047528397010927564,0.19938175608234926,-0.16251390375867053,0.0835607625017773,0.0
321,5.188800980245836,-12.74424280731488,-8.971262952556666,3.686649122908296,0.0
322,-1.4919049819907053,1.8737840306707103,2.714492066721138,2.4271266315405198,1.0
323,6.17977823097292,-12.09671991050339,-9.109691885550944,7.477937046232042,0.0
324,0.04684183413007566,0.15689717788067276,-0.19085957506855267,0.09119200263906664,0.0
325,-0.45176862706498594,1.225079178537863,0.960188096169775,0.8697089166206123,0.0
326,-1.6868468405976038,2.042951741882549,3.0494356220017758,2.7304278913096516,1.0
327,-1.2390776221682496,1.8774127792868933,2.359313534882154,4.727085772320065,1.0
328,-0.4474998009959897,0.9674643961434831,0.9200247985019722,0.8021836389538255,1.0
329,0.05292307087198655,0.5332047021150751,0.06021245729925265,0.023598226156939916,0.0
330,-3.132985665804457,3.297889993231323,5.534150208215366,4.98041017126094,1.0
331,1.2689427591192128,-2.313333029564066,-2.0096817740969946,0.8676549181553208,0.0
332,2.249547811918133,-5.493314777253312,-3.9102941711770027,1.6241316591721546,0.0
333,0.05292307087198655,0.5332047021150751,0.06021245729925265,0.023598226156939916,0.0
334,-2.825070032848614,6.453842588658505,5.585995758506286,5.517246256112691,0.0
335,-0.13943720262804313,0.7001321512972584,0.3907204064964486,0.32288291390449575,0.0
336,2.4460088872433077,-5.176858460682098,-4.025207327830927,1.690006268938545,0.0
337,0.7155839400819171,-0.5320001633846125,-0.5810989799138148,2.1616224682401963,0.0
338,4.963689481946741,-9.680845013716132,-7.468443115567954,5.29161611956612,0.0
339,0.05292307087198655,0.5332047021150751,0.06021245729925265,0.023598226156939916,0.0
340,3.124837824234083,-6.147201015534521,-4.997686600431053,2.1030665023609005,0.0
341,-2.2566529599874836,2.5374212095511757,4.028460285114103,3.6169635746674746,1.0
342,0.04822430363343363,0.2424445259312491,-0.13378246351615325,0.07582566540057058,0.0
343,5.761204152988814,-13.88621495554836,-10.108382732098578,5.517039032154973,1.0
344,-0.28574669362842114,1.598279342094181,0.9996963003288496,1.2573193546476424,0.0
345,-0.889073900224744,1.3506559807050682,1.6787248528282739,1.489208896302847,1.0
346,-0.19021138935684026,0.744193252483708,0.4779591695869348,0.4018801847248754,1.0
347,0.05292307087198655,0.5332047021150751,0.06021245729925265,0.023598226156939916,0.0
348,0.05292307087198655,0.5332047021150751,0.06021245729925265,0.023598226156939916,0.0
349,0.7991695998881436,-1.1457293053054076,-1.198372727366858,0.5372257727887935,0.0
350,0.36013729566350594,-6.1693729756054365,-2.1450819830624357,0.7778769486561944,0.0
351,0.05292307087198655,0.5332047021150751,0.06021245729925265,0.023598226156939916,1.0
352,1.3364879900222388,-2.5047454237243927,-2.13289487264128,0.917279329503264,0.0
353,-1.4217669898037897,1.8129193005812099,2.5939829640009084,2.3180020877406875,0.0
354,1.7435185511975282,-2.7764954592690394,-2.297600921665095,2.72395849618009,0.0
355,0.05292307087198655,0.5332047021150751,0.06021245729925265,0.023598226156939916,1.0
356,5.35209578707695,-12.525049347704527,-8.664287278972196,8.26526328628254,1.0
357,3.465744096759348,-10.652321941189248,-7.111630983939306,2.7931878148094214,1.0
358,-1.0343556079586338,1.4767293348524146,1.9283437497310527,1.7152461634756977,0.0
359,-1.3582371133882578,1.7577889973021263,2.4848277377954022,2.219158813712694,1.0
360,0.05292307087198655,0.5332047021150751,0.06021245729925265,0.023598226156939916,0.0
361,-1.021709296341756,1.4657550494588762,1.9066152169038089,1.6955703366817885,1.0
362,0.44629269462478416,-2.4062228058480186,-1.436737941587651,1.814729271425007,1.0
363,0.05292307087198655,0.5332047021150751,0.06021245729925265,0.023598226156939916,0.0
364,-3.470221460582856,3.590538313859104,6.11357915630364,5.505100158965373,0.0
365,1.0009759989105835,-3.2468584236839697,-1.7603821048505521,4.4717413732182765,1.0
366,-0.16307735763320358,0.7206467341759432,0.4313382482539786,0.3596635665844379,0.0
367,4.018080975148883,-8.18924849082911,-6.490687493381639,2.715354864123091,0.0
368,0.05292307087198655,0.5332047021150751,0.06021245729925265,0.023598226156939916,0.0
369,1.736185418883273,-2.9236002693802923,-2.550644416163332,1.6838047774895573,0.0
370,-2.372980000458177,2.6383681243344017,4.2283300964977,3.797951578845289,1.0
371,0.05292307087198655,0.5332047021150751,0.06021245729925265,0.023598226156939916,1.0
372,0.05292307087198655,0.5332047021150751,0.06021245729925265,0.023598226156939916,0.0
373,-0.042720141296731955,0.6162024913592876,0.22454390335799707,0.17240519325185694,0.0
374,0.05292307087198655,0.5332047021150751,0.06021245729925265,0.023598226156939916,0.0
375,-0.1116031063032774,0.6759781271048171,0.3428966540829644,0.27957709677437187,1.0
376,0.05292307087198655,0.5332047021150751,0.06021245729925265,0.023598226156939916,0.0
377,8.123505190390125,-16.79620584163056,-13.096016793587944,5.648758125024421,0.0
378,4.268722450116951,-8.093738885078556,-6.194679077821464,5.353830646739131,0.0
379,-1.1196406152701024,2.6406735361328733,2.2157985326255,2.1092861051185596,0.0
380,-1.5112983701522422,2.2237470734804283,2.7908849516187875,2.5371800227832293,0.0
381,-1.5139181240879331,1.8928867153982538,2.752314421189458,2.4613758880997763,1.0
382,2.493020215858503,-5.754202477908209,-4.234792419589989,1.764451907663042,0.0
383,6.121738745586002,-14.70566331859427,-10.76282677614651,5.509597988348745,1.0
384,0.05292307087198655,0.5332047021150751,0.06021245729925265,0.023598226156939916,0.0
385,4.0158312110125545,-7.5878967876644525,-5.847763162765875,4.921088952236975,0.0
386,-0.007984213487523957,0.5860591581301078,0.164861620447948,0.11836112729767301,0.0
387,0.05292307087198655,0.5332047021150751,0.06021245729925265,0.023598226156939916,0.0
388,-0.516890362425298,1.0276805166862324,1.0392496869591994,0.9101452888939567,0.0
389,4.75069052348192,-10.288031858717826,-7.833407221033271,3.255629883579157,0.0
390,0.05292307087198655,0.5332047021150751,0.06021245729925265,0.023598226156939916,0.0
391,-0.7545044294944371,3.0038363424663417,2.403768460748245,3.4275607939205606,0.0
392,-1.5527879682126464,1.9266174011151593,2.819099481501153,2.5218517283031288,1.0
393,-2.7255630893862834,3.1034513610977728,4.854700942955666,4.384673359378453,1.0
394,2.3659312548587446,-6.4084282213920325,-4.334342255837179,4.067500208741576,1.0
395,0.05292307087198655,0.5332047021150751,0.06021245729925265,0.023598226156939916,1.0
396,0.05292307087198655,0.5332047021150751,0.06021245729925265,0.023598226156939916,0.0
397,3.8402564879745262,-10.048836001436408,-6.825297924145194,2.797086905011297,0.0
398,-1.1566093635814578,1.5828193668935515,2.138396674471506,1.9054552768846431,0.0
399,-0.8308385604482035,1.300120199359581,1.578666548844092,1.398603153423759,1.0
400,1.7263498700867714,-5.65478400745994,-3.9196395142197504,1.5091387120363027,1.0
401,7.916363390606476,-16.815503559353264,-12.926788374861767,5.36183189397182,0.0
402,1.4698629461787398,-4.706532937781622,-2.88470675724499,1.1791501067223749,0.0
403,-0.9328092051286409,1.3886088425615024,1.7538696094263595,1.5572546878456877,0.0
404,0.37123382136992716,0.43931138276760356,0.35077976916028836,3.36705274044378,0.0
405,-0.1939708957945597,0.7474556975219369,0.4844186465886875,0.40772943150450014,0.0
406,-3.619008211126759,3.7196532932074557,6.369220318042646,5.736590764417744,1.0
407,0.05292307087198655,0.5332047021150751,0.06021245729925265,0.023598226156939916,0.0
408,-0.2755937317502484,1.379228413386402,0.7746223956005641,0.7784544829073792,0.0
409,-0.37383530988953895,0.9035394215530227,0.7934565656685731,0.6875723742798163,1.0
410,0.05292307087198655,0.5332047021150751,0.06021245729925265,0.023598226156939916,0.0
411,0.04410408565114793,-0.012514965702157627,-0.3038912006882221,0.12162245068815435,1.0
412,0.05292307087198655,0.5332047021150751,0.06021245729925265,0.023598226156939916,1.0
413,0.05292307087198655,0.5332047021150751,0.06021245729925265,0.023598226156939916,0.0
414,-0.23344752479856298,0.24693349836002532,0.185733012309713,0.5506199340398592,1.0
415,-0.19168408299621767,0.7454712346167917,0.4804895098993607,0.4041714824444579,0.0
416,0.04774103061343919,0.21253954419783883,-0.15373503968907215,0.08119731098513,1.0
417,-0.833051282997278,1.3020403678233923,1.5824683857750261,1.4020458288011757,1.0
418,0.6706181375582821,-2.9372083726314755,-1.8782883014346754,1.6759233577195494,1.0
419,0.12756631822530862,0.7804099285679217,0.447113973962974,2.0208133752726005,0.0
420,0.4869453363555012,0.5895932277955626,0.8128860838316628,5.989876283541669,0.0
421,-1.0857794008811814,1.5213541548510843,2.016698647702072,1.795254127321815,0.0
422,0.05292307087198655,0.5332047021150751,0.06021245729925265,0.023598226156939916,1.0
423,2.7311488198938494,-4.948660357281723,-3.9722924560659,3.164681363349205,0.0
424,2.1824083165373733,-5.855276178444885,-3.7799778382193225,4.935359780281511,1.0
425,-1.129113282743802,1.5589586676274096,2.0911536906512915,1.8626753628304134,0.0
426,2.556137210808533,-4.766722110026153,-4.0056478536531825,1.7972421465997894,0.0
427,0.03885045115065335,-0.3376103823118278,-0.5207945621814821,0.18001731528828394,1.0
428,-0.5812547814691224,1.0835350239271837,1.1498388005655493,1.0102869902186895,0.0
429,1.6465818895334614,-4.794595384128031,-3.06298187116828,3.947967271985931,1.0
430,-0.6520129329300308,1.1449379192199804,1.2714134433065614,1.1203764119077733,1.0
431,0.07755774216966685,-1.3898738477101795,-0.6272199280137074,0.2385039481462238,0.0
432,-0.8356198040350097,1.3042692930437512,1.5868815455465548,1.4060420750258436,1.0
433,0.019189688082046383,0.5624780413495922,0.1181721958800225,0.07608247745924668,0.0
434,0.05292307087198655,0.5332047021150751,0.06021245729925265,0.023598226156939916,1.0
435,-1.9751107541137696,2.293102975809338,3.544722476975867,3.178924734113115,1.0
436,-1.7823030082878915,2.1257872166472698,3.2134456935591738,2.8789438443230035,1.0
437,-0.9158781850878012,0.8169650693682332,1.3430703997995808,1.6157608217784516,1.0
438,3.7515266423016436,-7.177539119791885,-5.677612906566856,3.71726992380003,0.0
439,0.350698322482066,-1.6923494374605208,-0.45555767451962337,4.971179375618654,1.0
440,-1.0493061647912842,1.489703210749546,1.954031371131293,1.7385070616429652,1.0
441,-1.5212542227700458,1.8992528751965951,2.764919097229976,2.472789793702073,1.0
442,0.05292307087198655,0.5332047021150751,0.06021245729925265,0.023598226156939916,0.0
443,-0.35179185252435674,1.7100904340739742,1.0777237845024688,1.1550738921619854,0.0
444,0.05292307087198655,0.5332047021150751,0.06021245729925265,0.023598226156939916,1.0
445,0.05292307087198655,0.5332047021150751,0.06021245729925265,0.023598226156939916,0.0
446,2.6020322577126627,-4.805932611336988,-3.9830749492426256,2.209838989670438,0.0
447,-0.9021868705184528,1.3620352257149804,1.701255185317413,1.5096107763188629,1.0
448,-2.958155150181932,3.146174613121565,5.233761390274325,4.708399244447492,1.0
449,3.462948509054881,-10.28774017325359,-7.007088294776558,2.7590857939492563,1.0
450,0.006497992126301548,0.5734917106126899,0.13997870678710395,0.09582891570238748,0.0
451,0.05292307087198655,0.5332047021150751,0.06021245729925265,0.023598226156939916,0.0
452,0.05292307087198655,0.5332047021150751,0.06021245729925265,0.023598226156939916,0.0
453,3.433051096684827,-5.527957144372586,-3.593934109915265,9.604210196032694,0.0
454,-0.72935934595479,1.2120580121304982,1.4043078496277734,1.240716213101209,0.0
455,-0.10814163308960785,0.672974310966189,0.3369492492876038,0.27419154646790767,1.0
456,-0.8849687955833689,1.3470936305693444,1.6716715788254135,1.4828219488400964,1.0
457,5.813099175078526,-11.764521400388373,-9.259258098815657,4.3017083873023045,0.0
458,4.530051840769468,-9.278469041917804,-7.323775643748938,3.0589975943055934,0.0
459,6.246608599262232,-12.631638409832679,-9.853939266547096,5.043545437989232,0.0
460,-0.9311247527855635,1.387147099303486,1.7509754313338608,1.554633924294302,1.0
461,0.24891018538834087,-1.1813692528874438,-0.6393243932158647,0.27627873505500705,0.0
462,-1.1698823640829328,1.594337483791554,2.1612019663107027,1.9261061406949218,1.0
463,4.252297883237319,-8.198881060364055,-6.396579646518888,4.449158944103396,0.0
464,-0.030200203405563453,0.6053378712479432,0.2030325022708816,0.1529259856472962,1.0
465,2.8171261703777883,-7.90810222222893,-5.170474131307079,2.1135792050336275,0.0
466,-0.3432322585438774,0.8769825384431539,0.7408752735161187,0.6399584647159616,0.0
467,0.05292307087198655,0.5332047021150751,0.06021245729925265,0.023598226156939916,0.0
468,0.05292307087198655,0.5332047021150751,0.06021245729925265,0.023598226156939916,0.0
469,-2.7589430180059478,2.9733012205794416,4.891480772438362,4.398454058318376,1.0
470,1.5413163520602762,-6.085967095094607,-3.848530698567628,1.4590587856027362,1.0
471,-2.7265785769257227,2.9452158290615915,4.835873110556258,4.348099681780136,1.0
472,0.634355238001205,0.21495901723088504,0.4809177929423805,5.735348236179103,0.0
473,-0.03140372642288953,0.6063822710278918,0.20510036127851605,0.15479849291651349,1.0
474,5.244753050548126,-10.368223882462223,-8.057604191546893,4.977368526041958,0.0
475,-1.285905292942492,4.321839857752058,3.5475933602106298,4.138524566215421,0.0
476,0.05292307087198655,0.5332047021150751,0.06021245729925265,0.023598226156939916,0.0
477,-0.83261166532356,1.30165887399645,1.581713047195351,1.401361847458183,0.0
478,-0.8398778400862316,1.3079643548339193,1.5941975819468501,1.4126669615828258,1.0
479,0.05292307087198655,0.5332047021150751,0.06021245729925265,0.023598226156939916,0.0
480,-0.799366263610418,2.7853733757858117,2.0863216272381484,2.2288191016490306,0.0
481,0.05292307087198655,0.5332047021150751,0.06021245729925265,0.023598226156939916,0.0
482,-3.447050609860234,3.570430986414969,6.073767659812464,5.469049675686329,1.0
483,3.035365134600282,-7.8308639909740725,-5.388327056369574,4.683185919861706,1.0
484,-0.2655132817961183,0.8095391401494265,0.6073407388056423,0.5190390084020828,1.0
485,-0.3438218145225244,0.8774941465516009,0.7418882318255149,0.6408757283160212,1.0
486,-0.5687578258422797,1.0726903474907499,1.1283668869511436,0.9908435396843248,1.0
487,0.05292307087198655,0.5332047021150751,0.06021245729925265,0.023598226156939916,1.0
488,0.5054354840638726,-0.27519690634404953,-0.5587999661187234,0.7631700022192959,0.0
489,0.05292307087198655,0.5332047021150751,0.06021245729925265,0.023598226156939916,0.0
490,0.04034942786304732,-0.24485355677361517,-0.45890729391267526,0.16335598451798525,1.0
491,-1.1863228523403393,1.6086043005213506,2.189449545495784,1.9516851560758417,1.0
492,4.350183180048422,-8.584338974822968,-6.839323576175012,3.411881920362669,0.0
493,0.05292307087198655,0.5332047021150751,0.06021245729925265,0.023598226156939916,1.0
494,5.008012781245989,-11.004358302019407,-8.299211175688727,3.4435227851386228,0.0
495,1.4186178979512762,-3.8259895383925366,-2.586206417950804,1.0754276798105844,0.0
496,-0.21041600771957183,0.7617265266032719,0.5126741700279036,0.4333156406416488,1.0
497,-0.07422337067135996,0.6435405358776484,0.2786718557893787,0.2214196492768621,1.0
498,0.05292307087198655,0.5332047021150751,0.06021245729925265,0.023598226156939916,0.0
499,-1.2102105618338526,1.6293337075865602,2.2304927283321727,1.9888509676370805,1.0
500,2.22454662030697,-3.930762224401224,-3.26989660730765,2.3268519476039407,0.0
501,1.9721635286036625,-4.434714256225771,-3.3283132780707505,1.395852551356676,0.0
502,0.05292307087198655,0.5332047021150751,0.06021245729925265,0.023598226156939916,1.0
503,0.035002919886532625,0.5487555486518001,0.0910023508866392,0.051479382148693104,1.0
504,0.024233387759411373,-1.2421156942703246,-1.1242796703331788,0.3424879701278492,1.0
505,0.05292307087198655,0.5332047021150751,0.06021245729925265,0.023598226156939916,0.0
506,0.9016729209860637,-2.357790743850289,-1.642308920337562,0.6953435227330789,0.0
507,-0.6060505421604567,1.1050524246223727,1.1924421711355966,1.0488655977499788,0.0
508,1.2640380892776164,-1.760206513421926,-1.5467972063707325,2.2669207894488816,0.0
509,-0.5665051804042038,1.0707355345241847,1.1244964556481503,0.9873387500815984,0.0
510,1.6813394379442261,-3.342779514707215,-2.723141023931815,1.1581264318283382,0.0
511,-0.26674969998964315,0.8106120858851141,0.60946511736914,0.5209626957947108,1.0
512,-0.04215505142794354,0.6157121145853351,0.22357298202248885,0.17152599537044186,0.0
513,-0.10207544400453457,0.6677101602566718,0.32652649578725756,0.2647534360248826,1.0
514,0.05292307087198655,0.5332047021150751,0.06021245729925265,0.023598226156939916,1.0
515,-0.7152719829861193,1.1998332033210877,1.3801033433663952,1.2187983193981495,1.0
516,-0.08190491809578976,0.6502064710731077,0.2918700720307842,0.23337102302211807,0.0
517,0.05292307087198655,0.5332047021150751,0.06021245729925265,0.023598226156939916,1.0
518,-0.4079044316273783,0.9331041101662041,0.8519931613577093,0.7405789866931695,0.0
519,-1.2860789394359633,1.6951711828421208,2.360847616240919,2.1068911600708784,1.0
520,-1.3355277038748576,1.7380821018318156,2.445809076461715,2.183826266032841,1.0
521,0.05292307087198655,0.5332047021150751,0.06021245729925265,0.023598226156939916,0.0
522,-0.24021939337606865,0.7875894714520747,0.5638814993440597,0.47968538636787983,1.0
523,0.05292307087198655,0.5332047021150751,0.06021245729925265,0.023598226156939916,0.0
524,0.902395277295351,-1.6106870277390142,-1.4347498852692744,0.6285582227080783,0.0
525,0.05292307087198655,0.5332047021150751,0.06021245729925265,0.023598226156939916,0.0
526,3.9165888207046335,-9.859457033102231,-6.851425668734866,2.816712976538955,0.0
527,0.9719469582923854,-3.1614981811627536,-1.939062577414462,0.8012965245061227,0.0
528,-1.3823014369750843,1.7786716675102396,2.526174373942177,2.2565994111889625,1.0
529,-2.914514891857956,3.108304231305583,5.158779940005744,4.640501331598497,1.0
530,4.681697770440442,-8.81984728250039,-6.598658985968911,6.6953360939366275,0.0
531,0.06793239074945288,-1.4113235245523692,-0.7407340852876307,0.26409540662812947,0.0
532,0.05292307087198655,0.5332047021150751,0.06021245729925265,0.023598226156939916,0.0
533,3.881672219029358,-10.294836996596631,-7.442040390294831,2.960729891353685,1.0
534,-2.0102706086500803,2.323614186490072,3.605133138727531,3.2336283685730005,1.0
535,4.428786597645955,-11.006129077022669,-7.93100646738248,4.602346899227889,1.0
536,0.10066210429680406,-0.2629438721850914,-0.22995771428054929,0.12258650663093648,0.0
537,-0.8199106384808634,1.2906371075252903,1.5598905042237767,1.3816008917081943,1.0
538,0.05292307087198655,0.5332047021150751,0.06021245729925265,0.023598226156939916,0.0
539,0.05292307087198655,0.5332047021150751,0.06021245729925265,0.023598226156939916,0.0
540,1.323392663859317,-3.9514035946868185,-2.522708254498798,1.0409844994965098,0.0
541,1.1787935048693634,-1.4322404956683872,-1.1737752181101868,3.1212414282520915,0.0
542,1.1438675043522173,-2.5691659609280952,-1.9516808901147744,0.8306013448756355,0.0
543,-1.7415246190624596,5.863565381046605,5.197844179375845,7.363145326180759,0.0
544,0.05292307087198655,0.5332047021150751,0.06021245729925265,0.023598226156939916,1.0
545,2.298654664323384,-7.091832371938224,-4.912095488166836,1.9129990301842237,1.0
546,-0.4360191098245018,-0.1584537050195842,0.5590533497786765,3.372629826823968,1.0
547,5.141410723821897,-11.504670211509072,-8.57664478085309,3.552516093596877,0.0
548,-0.4493174676154109,-0.2596829444803541,0.36939811681262524,2.537884176454037,1.0
549,5.504974848935825,-10.426260005750006,-7.66242890622296,8.360326331664826,0.0
550,2.0309900892064334,-3.3259997815075732,-2.650470902670066,3.3778945305625747,0.0
551,-0.24738548135172164,0.7938080984306367,0.5761940678256148,0.49083477996740843,0.0
552,-0.8671581485032694,0.6398222982719879,1.1669312724312069,1.5605053058593505,1.0
553,1.3249631376317499,-4.4745587287908,-3.147554394279746,1.3441180985316643,1.0
554,-0.3209957043676724,0.8576859799610059,0.702669058769867,0.6053616113630469,1.0
555,-0.2638643054115824,0.8081081824125517,0.6045075144958034,0.5164734402971444,1.0
556,2.318020396886835,-3.707257757953771,-2.7305395068917795,5.094195711619377,0.0
557,0.05292307087198655,0.5332047021150751,0.06021245729925265,0.023598226156939916,0.0
558,-2.0061868846082405,2.320070390127835,3.598116600262505,3.2272746862223203,1.0
559,-0.30874420829349647,0.8470543097563604,0.6816188867754257,0.5863000602938778,0.0
560,1.2376109269515603,-3.4962245591198444,-2.307095149080691,0.9589046112236495,0.0
561,-0.4952665155878906,1.0089156567263402,1.0020962085306886,0.8765017192998772,0.0
562,3.210584007861495,-8.210222229792235,-5.6756604618507875,4.799571473837753,1.0
563,-0.4974238455646601,1.0107877563210954,1.0058028715198304,0.879858211868317,0.0
564,7.618473325510369,-17.26305143545207,-12.743545168103003,5.259046179449737,0.0
565,0.05292307087198655,0.5332047021150751,0.06021245729925265,0.023598226156939916,0.0
566,0.05292307087198655,0.5332047021150751,0.06021245729925265,0.023598226156939916,1.0
567,2.748701410705998,-6.034842755947517,-4.577422312900397,1.9124078262535846,0.0
568,0.05292307087198655,0.5332047021150751,0.06021245729925265,0.023598226156939916,0.0
569,-0.44269445933370133,0.20989713484817885,1.1455710164716602,5.6162119649708115,1.0
570,0.05292307087198655,0.5332047021150751,0.06021245729925265,0.023598226156939916,0.0
571,0.05292307087198655,0.5332047021150751,0.06021245729925265,0.023598226156939916,0.0
572,-0.43953297510850525,0.960550900444611,0.9063364249216385,0.7897884132937073,1.0
573,4.819631043759893,-10.10550821970405,-7.8538029903489095,3.2723235446771715,0.0
574,-0.48553366736424197,1.0004696325151574,0.9853735056164342,0.8613588190091445,1.0
575,-1.7970441180031202,2.9842263068028427,3.1096857475072417,3.713542498603697,1.0
576,-2.4142213628191422,2.6741567791041865,4.2991898319722335,3.8621171574853257,1.0
577,0.05292307087198655,0.5332047021150751,0.06021245729925265,0.023598226156939916,1.0
578,-2.6346547492507546,2.8654456676158464,4.677932205116623,4.2050795375388725,1.0
579,-1.2341802728890585,1.6501342744150271,2.2716768039188833,2.0261443617357084,1.0
580,0.03262984050038095,-0.7225423776241164,-0.7776208336813051,0.2491602517865471,1.0
581,3.713942336173514,-9.067008440438299,-6.420933942107458,2.6482268662258663,0.0
582,1.0438868689570828,-0.9932456268614398,-0.7136096276716426,3.9648574704896284,0.0
583,0.05292307087198655,0.5332047021150751,0.06021245729925265,0.023598226156939916,1.0
584,-0.9981347954452608,1.445297440261339,1.8661101801679012,1.65889183227318,0.0
585,1.2809689958125574,-3.2094832751333113,-1.1728362120736788,8.745807020509577,1.0
586,0.05292307087198655,0.5332047021150751,0.06021245729925265,0.023598226156939916,1.0
587,0.590389228461947,-0.12815894726142868,-0.15983501645495404,2.9219537707377956,0.0
588,0.533621136632487,-0.09702882229945468,-0.2160054474037603,2.3012726940022694,0.0
589,-0.02208628621330337,0.5982967318529151,0.18909140059549157,0.14030190724945224,1.0
590,-1.5328718926403255,1.9093345202348375,2.784880247073504,2.4908652031211616,1.0
591,1.1114289766939636,-1.2603727568895242,-1.0209890770656112,3.2417784654139,0.0
592,0.4022803808967722,0.037708427770413715,-0.24396792271092368,1.2636073255896703,0.0
593,6.6262543835579235,-13.501405994720772,-10.55426667731189,4.9919946909911666,0.0
594,-0.4293961574243383,0.9517543174077158,0.8889196331734224,0.7740169951096956,1.0
595,0.07520087804619298,0.592091631334892,0.042321192506066176,0.06963550812563642,0.0
596,3.6839536958308035,-10.67179472578346,-7.342695877008843,2.899688089712354,1.0
597,-0.8977419840447564,1.3581780178442584,1.6936181078371944,1.5026951776032402,0.0
598,0.05292307087198655,0.5332047021150751,0.06021245729925265,0.023598226156939916,0.0
599,0.05292307087198655,0.5332047021150751,0.06021245729925265,0.023598226156939916,1.0
600,1.9456816206613172,-3.0074302599176157,-2.292851318503934,4.171606181632784,0.0
601,0.05292307087198655,0.5332047021150751,0.06021245729925265,0.023598226156939916,1.0
602,0.05292307087198655,0.5332047021150751,0.06021245729925265,0.023598226156939916,0.0
603,0.05292307087198655,0.5332047021150751,0.06021245729925265,0.023598226156939916,1.0
604,0.05292307087198655,0.5332047021150751,0.06021245729925265,0.023598226156939916,0.0
605,-2.527551691514977,3.775504607853577,4.623591407511877,4.278946255653822,1.0
606,-2.6380380416845486,3.0365793249836877,4.705491992622946,4.250674538719664,1.0
607,-0.47122792203727626,2.3499309973271587,1.8732111261091664,3.3578460008830047,0.0
608,-1.1150990562339427,1.5467973255738399,2.06707484537268,1.8408712588503569,1.0
609,0.05292307087198655,0.5332047021150751,0.06021245729925265,0.023598226156939916,0.0
610,5.905979289702524,-13.937689484191512,-9.919729396287437,7.277285041597045,1.0
611,-0.31490260398477243,-0.38221572477083093,0.4229930431967924,3.6973935389847328,1.0
612,-0.9024760516826947,1.3622861729257534,1.7017520481664876,1.5100607002707673,1.0
613,-3.679495232427664,3.7721430510492007,6.473147397160705,5.830699797189618,1.0
614,-1.0344364761545815,1.4767995110973529,1.928482695164596,1.7153719826603586,1.0
615,2.169035339448843,-3.9072797160584636,-3.3361404435536515,1.6757114647739926,0.0
616,0.05292307087198655,0.5332047021150751,0.06021245729925265,0.023598226156939916,0.0
617,0.05292307087198655,0.5332047021150751,0.06021245729925265,0.023598226156939916,0.0
618,-0.12888798034088408,1.5172937675428313,1.163086864464719,3.0043153800451177,0.0
619,-0.4909043645714661,1.005130245482791,0.9946012847592962,0.8697148449567291,0.0
620,-2.8865170378212963,3.084008100551153,5.11067482375066,4.596940731218283,1.0
621,2.8137443557351847,-7.535393977647882,-5.063059457134601,2.078465552529434,0.0
622,-0.31882665495857004,-0.7339044441316681,-0.15636678095541287,1.406840393069898,1.0
623,1.0442300280386392,-1.4922931169921065,-1.5246018802526877,0.7997792960464014,0.0
624,-1.3864083192486414,1.7822355602493314,2.5332307022220775,2.262989124389579,0.0
625,0.03876777920278051,-0.3427261305301562,-0.524207784664532,0.1809362252737062,1.0
626,0.12332704888913179,1.166047619606723,1.0663296022587854,4.40932513447899,0.0
627,-1.2481971123241145,1.6622978839271012,2.2957601386512283,2.0479525310484212,1.0
628,4.827880022884899,-9.370279503826437,-7.218850202287596,5.306413376135031,0.0
629,1.281555836382897,-4.013188748583222,-2.4788578332886204,3.649008191605168,1.0
630,-1.5566857832862049,5.194799363685839,4.457923843576673,5.7798594860523655,0.0
631,0.5180872983163269,-2.720390504927799,-1.3467687700887931,0.543786914318162,0.0
632,4.021334682056548,-7.904529220707667,-6.352372051747207,2.9891350465937676,0.0
633,-0.44167276289227875,0.9624077771792786,0.9100129474138572,0.7931176127539721,0.0
634,0.02655928694132778,-1.0981888254586432,-1.0282517964861118,0.31663528323294354,1.0
635,3.3889495659499747,-6.321130256981031,-4.966899858757968,3.9300432341240144,0.0
636,0.05292307087198655,0.5332047021150751,0.06021245729925265,0.023598226156939916,1.0
637,-0.5051762396075808,1.0175151711822503,1.019122814405511,0.8919198126771306,1.0
638,-2.3719911597005283,2.637510022698766,4.226631098440843,3.796413086036976,1.0
639,0.05292307087198655,0.5332047021150751,0.06021245729925265,0.023598226156939916,1.0
640,1.1410475079658238,-3.3138294896091294,-2.156390531719931,0.8961604158715427,0.0
641,-3.107579722308079,3.275843084767573,5.49049843890965,4.940882207779206,1.0
642,-0.47942521983031966,0.9951688105380007,0.9748781448515462,0.8518549605484109,1.0
643,2.5791802856308617,-6.176996559688953,-4.441767224505262,1.8438034169504591,0.0
644,0.6816621223699402,-1.2660464118767498,-1.1104129079798473,0.4916281097625028,0.0
645,0.05292307087198655,0.5332047021150751,0.06021245729925265,0.023598226156939916,1.0
646,-0.6983850464235971,1.1851789652417126,1.3510886894051055,1.1925246952024215,1.0
647,-1.166704968510607,1.7518391113698304,2.2912408149791643,4.972817745567076,1.0
648,-0.2376727754902028,0.7853795534685194,0.5595059729449133,0.475723218270923,0.0
649,-1.2475953775586655,1.6617757072444992,2.2947262550968404,2.047016319022375,1.0
650,-0.6094890786881062,1.1080363366382817,1.1983501667695957,1.0542154618994803,0.0
651,4.316064972428845,-8.536827390779008,-6.826239665229935,3.221801255318276,0.0
652,3.4860613975510413,-8.567009284495139,-5.737665075919513,6.5047574977530065,1.0
653,-0.6457898373214137,1.139537607310135,1.2607210974815188,1.1106941776701105,1.0
654,-0.27503520481262556,0.8178021265318743,0.623701036029897,0.5338537396607759,1.0
655,-0.5926888503841943,1.0934573427253316,1.1694844924713639,1.0280767431789377,1.0
656,-0.5918796357322048,2.7264016967744396,2.258507283266186,4.009811925823869,0.0
657,-0.7475609526202722,1.2278531018150942,1.4355813323570523,1.2690352733118502,1.0
658,-0.14039524347152366,0.7009635252150882,0.3923664850170527,0.32437348651324405,1.0
659,-0.9295266303916798,0.5947561456217009,1.2061117053413257,1.6726524372087648,1.0
660,0.05292307087198655,0.5332047021150751,0.06021245729925265,0.023598226156939916,0.0
661,3.2815719371192604,-9.547005737587208,-6.107681359602456,2.4838002710687235,0.0
662,-1.2832922798069732,1.6927529601231446,2.3560596569480245,2.1025555218346343,1.0
663,-0.4557065584990831,-0.04137847658382543,0.7124228171414616,3.8324759435550972,1.0
664,0.3655726453001211,0.10693601971369845,-0.20043742486990765,1.1741368733998774,0.0
665,-1.1891153413883253,1.611027581925395,2.194247520730548,1.9560298640426086,0.0
666,-0.4324892616847288,0.9544384683233228,0.8942341169135104,0.7788294167490394,0.0
667,4.5707697907072005,-10.09693783057661,-7.5940831154874235,3.152088733646291,0.0
668,0.05292307087198655,0.5332047021150751,0.06021245729925265,0.023598226156939916,0.0
669,3.5166688151037286,-6.205245127682562,-4.538144926779095,6.5074888577221905,0.0
670,1.912096027785639,-5.676687034901994,-3.998072396543744,2.172698695398863,1.0
671,0.05292307087198655,0.5332047021150751,0.06021245729925265,0.023598226156939916,1.0
672,0.05292307087198655,0.5332047021150751,0.06021245729925265,0.023598226156939916,1.0
673,0.05292307087198655,0.5332047021150751,0.06021245729925265,0.023598226156939916,1.0
674,-1.2027295915818497,1.6228418303457304,2.217639138081926,1.9772116628826135,1.0
675,1.8623502112322623,-2.8184314280299354,-2.1422426260851726,4.170768341239428,0.0
676,-0.7408646779502398,3.2449740022331497,2.8216093821742625,5.155947856684641,0.0
677,-1.2865432248324293,1.695574082960292,2.3616453382000118,2.1076135208129316,1.0
678,-0.13483072272466662,0.6961347149971924,0.3828056837827546,0.31571589924802507,0.0
679,-0.8866558018798781,3.3894479677696636,2.782296500203538,3.971800936518359,0.0
680,-0.10498637893683739,0.6702362272773894,0.3315279813706192,0.2692824286095577,0.0
681,2.261737365145165,-4.229613916267416,-3.570555985584858,1.5164315655599132,0.0
682,-1.350698257949921,1.7512468881380185,2.4718746908648543,2.2074294480033214,0.0
683,0.05292307087198655,0.5332047021150751,0.06021245729925265,0.023598226156939916,1.0
684,0.05292307087198655,0.5332047021150751,0.06021245729925265,0.023598226156939916,1.0
685,1.1542954456894077,-2.859390341972725,-2.0433834920329943,0.8616857537525642,0.0
686,0.05292307087198655,0.5332047021150751,0.06021245729925265,0.023598226156939916,1.0
687,-2.1835393920062964,2.473974318040566,3.9028386327205373,3.5032094664765454,0.0
688,-1.9575557850209322,2.277869028810718,3.5145600285267964,3.151611748184308,1.0
689,0.05292307087198655,0.5332047021150751,0.06021245729925265,0.023598226156939916,0.0
690,1.9082537284603152,-3.904966217837441,-3.114525256071195,1.3175716828202202,0.0
691,0.05292307087198655,0.5332047021150751,0.06021245729925265,0.023598226156939916,0.0
692,1.6572040336421783,-2.4725284653507207,-1.9656232211309361,3.4104084855312444,0.0
693,-2.4303265471802695,2.688132623986791,4.326861301542265,3.8871744886324255,1.0
694,4.530103602201658,-8.951694460252137,-7.098290839231795,3.6722929172029763,0.0
695,1.1416120638665397,-1.221327192325694,-0.9007019643705066,3.9249507444752063,0.0
696,0.05292307087198655,0.5332047021150751,0.06021245729925265,0.023598226156939916,1.0
697,-1.7323095555140862,2.0824036250381632,3.1275483653379457,2.8011612823075254,1.0
698,0.3074252668918431,-3.000289581677174,-1.712306364970515,0.5894670836476854,1.0
699,0.05292307087198655,0.5332047021150751,0.06021245729925265,0.023598226156939916,0.0
700,-1.3478598221838407,1.7487837348398967,2.4669977712862647,2.2030132536068074,1.0
701,0.05292307087198655,0.5332047021150751,0.06021245729925265,0.023598226156939916,1.0
702,0.05292307087198655,0.5332047021150751,0.06021245729925265,0.023598226156939916,1.0
703,0.05292307087198655,0.5332047021150751,0.06021245729925265,0.023598226156939916,0.0
704,0.05292307087198655,0.5332047021150751,0.06021245729925265,0.023598226156939916,1.0
705,0.05292307087198655,0.5332047021150751,0.06021245729925265,0.023598226156939916,0.0
706,6.544265158908787,-15.220142243632672,-11.063180543742932,4.559808958643911,0.0
707,0.05292307087198655,0.5332047021150751,0.06021245729925265,0.023598226156939916,0.0
708,0.05292307087198655,0.5332047021150751,0.06021245729925265,0.023598226156939916,0.0
709,-0.7061918854546749,1.2613716126909735,2.3599354692233594,8.49650089366183,1.0
710,1.441182802118848,-2.3467781380662043,-2.1675139246954673,1.0948202168049426,0.0
711,-0.21953246470403476,0.7696376554569916,0.5283378070515785,0.44749952555881484,1.0
712,-2.3836052346143184,2.6475885480860235,4.24658607153241,3.81448290222514,0.0
713,-0.21734545621031592,0.7677398012766367,0.5245801512789808,0.4440968575222476,1.0
714,0.05292307087198655,0.5332047021150751,0.06021245729925265,0.023598226156939916,1.0
715,4.904692196814107,-9.626548955843433,-7.491130929988671,4.785950336941694,0.0
716,-0.20558722010584843,0.7575361749036459,0.5043774845310394,0.42580274742894364,1.0
717,-0.001523556052563961,1.1645884311378871,0.8290709157843724,2.600087656973167,0.0
718,0.05292307087198655,0.5332047021150751,0.06021245729925265,0.023598226156939916,0.0
719,0.05292307087198655,0.5332047021150751,0.06021245729925265,0.023598226156939916,0.0
720,-2.171570633263065,2.4635880031818265,3.88227425196413,3.4845878136892128,1.0
721,1.1231750795456794,-5.148903847047775,-3.1548894703714647,1.1741308327739095,1.0
722,-0.29653988817584753,0.8364635781610363,0.6606497711673134,0.5673119081711828,0.0
723,0.24495520920684288,-2.983115013763333,-1.13759399842547,0.43627858719709206,0.0
724,0.05292307087198655,0.5332047021150751,0.06021245729925265,0.023598226156939916,1.0
725,1.5309771429611891,-1.7439672313186152,-1.0181849442555844,6.218529782221568,0.0
726,2.162970985349759,-5.758648588288368,-3.659393323393594,5.268925329920187,1.0
727,0.05292307087198655,0.5332047021150751,0.06021245729925265,0.023598226156939916,1.0
728,8.240391427159102,-16.660688297413625,-12.655712711209617,8.194732524544907,0.0
729,-1.5249013512831953,4.11167373516425,3.3507906706502615,3.422858176182936,0.0
730,-1.2230313648551416,1.6404594140844286,2.2525210673261222,2.0087982777499396,1.0
731,7.390590942860407,-15.19167056259825,-11.865297769340568,5.274601070070644,0.0
732,0.05292307087198655,0.5332047021150751,0.06021245729925265,0.023598226156939916,0.0
733,0.05080394130436191,0.6598597269200437,0.10663870940521342,0.1483786360358109,0.0
734,2.6445774756362916,-7.074165122471828,-4.892853233910502,3.8558748308328603,1.0
735,-0.04284904779527941,0.6163143545449339,0.22476538683635727,0.1726057530684159,0.0
736,-1.4806692975507119,1.8640338670363057,2.695187233376281,2.409645536051991,1.0
737,0.05292307087198655,0.5332047021150751,0.06021245729925265,0.023598226156939916,0.0
738,-1.3195576101129423,1.724223486607522,2.4183697157158655,2.1589791162660608,0.0
739,2.8314873962629297,-7.239025787631108,-4.809338621130901,5.503331146139947,1.0
740,-2.788617439305101,2.9990522520335756,4.94246651886482,4.444623154208153,1.0
741,0.033680017474316135,-0.6575573237869682,-0.7342628658234504,0.2374873913708966,1.0
742,0.05292307087198655,0.5332047021150751,0.06021245729925265,0.023598226156939916,0.0
743,2.8585843693840296,-7.727848017325499,-5.553367956510717,2.7889145423402786,1.0
744,6.15442126665803,-12.25423756709579,-9.413579383404677,6.111790145437937,0.0
745,0.05292307087198655,0.5332047021150751,0.06021245729925265,0.023598226156939916,0.0
746,-0.9862233845732664,0.9913593081357231,1.3939621254488581,2.7441335947290906,1.0
747,-0.438151963312947,0.9593524784829005,0.9039636097448758,0.7876397592265811,0.0
748,-1.016453858043283,1.461194456496846,1.8975854723387995,1.6873936368803362,0.0
749,-0.5057476767703117,1.0180110560456213,1.0201046414808876,0.8928088860273784,0.0
750,-0.3915993181867056,0.9189547697345521,0.8239781793312696,0.7152105948938127,1.0
751,-0.40147944594766083,0.9275286009873448,0.8409539337563591,0.7305826407847902,0.0
752,-2.43428771506618,2.6915700678983963,4.3336672675069465,3.8933374913786767,1.0
753,1.6948849573243212,-2.653261430791614,-2.1886722658343283,2.8056102928659477,0.0
754,6.157287207110769,-12.512603494034868,-9.828387215411484,4.511928718727965,0.0
755,0.05292307087198655,0.5332047021150751,0.06021245729925265,0.023598226156939916,1.0
756,0.12475243652838089,0.8805556847154394,0.6046945781234183,2.6163867642633174,0.0
757,0.05292307087198655,0.5332047021150751,0.06021245729925265,0.023598226156939916,0.0
758,2.161879316909846,-3.6080425453908616,-2.86293175537241,3.4733432210390913,0.0
759,-1.0731230150841173,1.5103711272304192,1.9949528057050472,1.7755626265645845,0.0
760,3.6271796111281462,-6.131124434968441,-4.209689409523348,8.571546534436886,0.0
761,-1.1408334821735984,1.5691292863270243,2.111291003866972,1.8809102933743498,1.0
762,0.05292307087198655,0.5332047021150751,0.06021245729925265,0.023598226156939916,0.0
763,0.05292307087198655,0.5332047021150751,0.06021245729925265,0.023598226156939916,0.0
764,-2.805216228563651,3.013456440071091,4.970986086326335,4.470448462988615,1.0
765,-1.5382661400058275,2.3786963533891865,2.611715011274738,3.5979207716495814,1.0
766,0.05292307087198655,0.5332047021150751,0.06021245729925265,0.023598226156939916,0.0
767,-0.6165288557518285,2.591905608619886,1.9933929674644835,2.8001050603657887,0.0
768,0.05292307087198655,0.5332047021150751,0.06021245729925265,0.023598226156939916,0.0
769,0.05292307087198655,0.5332047021150751,0.06021245729925265,0.023598226156939916,0.0
770,-0.28910000533712965,1.8955860756115421,1.476919539234836,3.0975122811764986,0.0
771,0.05292307087198655,0.5332047021150751,0.06021245729925265,0.023598226156939916,0.0
772,0.05292307087198655,0.5332047021150751,0.06021245729925265,0.023598226156939916,0.0
773,-1.2391087368621427,1.6544111238104047,2.2801447505005665,2.033812336907616,1.0
774,-2.8427461629934574,3.0460243716317685,5.035468951921235,4.528839598032459,1.0
775,0.2653400907208159,-1.888272766252373,-0.853410861014385,0.3476856536240408,0.0
776,-0.17821436934490623,-1.1058296704592427,-0.49671782633216244,1.0715191408595404,1.0
777,2.616803606152483,-4.5566557451658705,-3.5498677243520236,4.0062417364782075,0.0
778,0.04696616847392076,0.164590999235662,-0.18572626457150102,0.08981000943544785,1.0
779,-0.013175394468559382,0.5905639895261141,0.17378095991828435,0.12643785203236726,0.0
780,3.8894575453756497,-7.5822108435334865,-6.07626657513157,3.1352805094257485,0.0
781,-2.0520188101982764,2.3598426689390894,3.676863710873777,3.2985825154819883,1.0
782,-2.025764977782026,2.3370599747956415,3.631755122948732,3.2577353598094168,1.0
783,0.05292307087198655,0.5332047021150751,0.06021245729925265,0.023598226156939916,0.0
784,-2.1664136642117473,5.677849968269804,4.818615237415712,4.994603200540741,0.0
785,0.05292307087198655,0.5332047021150751,0.06021245729925265,0.023598226156939916,0.0
786,0.05292307087198655,0.5332047021150751,0.06021245729925265,0.023598226156939916,0.0
787,0.05292307087198655,0.5332047021150751,0.06021245729925265,0.023598226156939916,1.0
788,-1.6769512357378245,2.0343644798283727,3.0324332752658156,2.7150317652975318,1.0
789,0.05292307087198655,0.5332047021150751,0.06021245729925265,0.023598226156939916,1.0
790,1.8695335244572335,-2.1325298046104395,-1.0131958775611336,8.631281353940768,0.0
791,3.159894081513586,-8.321342524880817,-5.951748223283337,3.362922894091433,1.0
792,2.4192240735830763,-5.851939363522489,-3.3290217497832786,8.370723420076162,1.0
793,3.0419714647428133,-8.434674729668453,-6.055116877575333,2.3904878655865924,1.0
794,0.05292307087198655,0.5332047021150751,0.06021245729925265,0.023598226156939916,1.0
795,-0.28827586960288865,0.829292182969721,0.6464507695700539,0.5544542937940248,1.0
796,0.05292307087198655,0.5332047021150751,0.06021245729925265,0.023598226156939916,0.0
797,-1.2608422905828967,1.0811796366051885,1.8140313713470106,2.2266991905723614,1.0
798,-1.4627334507957834,1.8484693999389854,2.6643703717643343,2.3817399597192765,1.0
799,-0.6711139498628061,2.238259785123881,1.584848045189216,1.6077326992594958,0.0
800,-2.244922386149919,4.223708848874709,4.282939952612735,5.129872580193563,1.0
801,-1.3184556009185149,1.7232671790474732,2.4164762748706243,2.157264549782825,0.0
802,-2.153816410078294,2.4481811463785967,3.8517694508031606,3.4569648172909786,1.0
803,0.051442695982906364,0.4415989592224714,-0.000906809692289444,0.04005279512193577,0.0
804,-1.5565437138870581,1.9298765826176563,2.825552496866386,2.5276951238804664,0.0
805,-0.7024294129595214,1.188688607732419,1.3580376049232046,1.1988171429818772,0.0
806,1.407667719750698,-2.1868519093060907,-1.970467082338416,1.6275097010981272,0.0
807,-1.545604400195605,1.920383605210771,2.8067568793097992,2.510675138294313,1.0
808,0.3755815405810942,-2.0498546376036413,-0.9901812201746405,3.0589928395790813,1.0
809,-1.6868638555051552,2.0429665071719922,3.0494648565318485,2.7304543640381453,1.0
810,0.05292307087198655,0.5332047021150751,0.06021245729925265,0.023598226156939916,0.0
811,0.35342988997008695,-2.3341288905876056,-1.4941920863889748,0.9338797156741933,1.0
812,0.05292307087198655,0.5332047021150751,0.06021245729925265,0.023598226156939916,0.0
813,0.05292307087198655,0.5332047021150751,0.06021245729925265,0.023598226156939916,0.0
814,-0.24634512766284453,0.7929052946220765,0.5744065617158854,0.489216140508973,1.0
815,2.7669094461237402,-8.183736207351245,-5.700727992654058,2.2358971645470653,1.0
816,-2.844314693806917,3.0473855198714253,5.038163956939561,4.531280004495743,1.0
817,4.977422775400912,-9.990128542689188,-7.945616905900755,3.5249927422755585,0.0
818,-2.0119592655447427,2.325079578396836,3.6080345409609422,3.236255673796871,1.0
819,0.05292307087198655,0.5332047021150751,0.06021245729925265,0.023598226156939916,0.0
820,0.704642948586006,-0.6392660132564878,-0.7761370091159256,1.3225174504847874,0.0
821,0.027761544681618105,-1.0237929989284407,-0.9786149697853368,0.3032720243400566,1.0
822,-1.6539117651314472,2.0143711621393656,2.992847512352552,2.679185690425437,1.0
823,0.05292307087198655,0.5332047021150751,0.06021245729925265,0.023598226156939916,0.0
824,-0.8678300910212546,0.8377553398462798,1.3668817799422184,3.475291417771912,1.0
825,0.04834732783869756,0.5371754654060722,0.06807436879723909,0.030717418701292055,0.0
826,-2.9362631734998565,6.189580176376358,6.179540023003407,7.650340695744228,1.0
827,1.5063436553191087,-4.795372404607764,-3.328080344380534,1.921219908391502,1.0
828,0.05292307087198655,0.5332047021150751,0.06021245729925265,0.023598226156939916,1.0
829,-1.3780410751159504,1.7749745874177736,2.518854341404897,2.2499709060121784,0.0
830,-2.2708873866150827,2.549773638066078,4.052917471970229,3.6391102780953317,1.0
831,0.05292307087198655,0.5332047021150751,0.06021245729925265,0.023598226156939916,1.0
832,-0.894009543108415,1.3549390598546995,1.6872051340098844,1.496888040818477,0.0
833,0.05292307087198655,0.5332047021150751,0.06021245729925265,0.023598226156939916,1.0
834,0.044505775605186766,0.012341647932437616,-0.2873068910448898,0.11715761201787349,0.0
835,0.05292307087198655,0.5332047021150751,0.06021245729925265,0.023598226156939916,0.0
836,2.4910857712429806,-4.949563799905751,-4.0084443857351335,1.6912213369125866,0.0
837,0.05292307087198655,0.5332047021150751,0.06021245729925265,0.023598226156939916,1.0
838,4.301362163185153,-8.338842968036746,-6.531903825977236,4.267458308724719,0.0
839,0.05292307087198655,0.5332047021150751,0.06021245729925265,0.023598226156939916,1.0
840,-0.47136590023988073,0.9881750501481988,0.9610308512222809,0.8393158281007649,1.0
841,0.05292307087198655,0.5332047021150751,0.06021245729925265,0.023598226156939916,0.0
842,0.12863150339822782,-1.643381644824706,-0.7936992543076354,2.0806976730384106,1.0
843,-0.6364750730519855,1.1314543902771297,1.2447167345227415,1.0962017553778458,1.0
844,-1.385175822976041,1.781166017899613,2.5311130621915314,2.2610715389371174,1.0
845,-1.2937529615141237,1.7018305876514765,2.3740329026464635,2.118830825468732,1.0
846,-1.4228241108486233,1.8138366548575382,2.595799279304604,2.3196468147732383,1.0
847,-0.5920125145136035,1.0928704282880943,1.1683224314205547,1.0270244626526148,1.0
848,0.1006875153170302,-1.3639339601752685,-0.39178474623032006,3.4529239540892793,1.0
849,0.9376101952172214,-1.1362302706511707,-1.1460978907400377,1.5244087621766662,0.0
850,0.19048396918781976,-2.4496945634739973,-0.932541807329556,0.3621986665095384,0.0
851,-0.8915330286391829,1.3527899765970715,1.6829500573067266,1.4930349434707741,1.0
852,0.05292307087198655,0.5332047021150751,0.06021245729925265,0.023598226156939916,0.0
853,1.4877727390129967,-4.82016776102125,-3.403344935029389,1.4959795349758196,1.0
854,2.5876428896515065,-4.565473296244175,-3.619069363510262,3.529821888484343,0.0
855,2.9555751516375466,-9.633799682125142,-6.300118032899076,2.4567627836088293,1.0
856,0.05292307087198655,0.5332047021150751,0.06021245729925265,0.023598226156939916,0.0
857,1.2507469783498735,-2.0362421386453375,-1.913608837605948,0.8340217218585951,0.0
858,0.25503086670298974,-1.7667777684248749,-0.7565882682531043,3.1191636515870593,1.0
859,-0.4651801900851999,0.9828071807918421,0.9504027400205594,0.829691760207452,0.0
860,5.513595851414976,-13.712945609310568,-9.577202768486519,3.92960957960317,0.0
861,1.4300863332930485,-2.2424280799160767,-2.018677853509622,1.5976900902025732,0.0
862,1.3130984010944873,-2.263666947456498,-2.041492286468885,0.8843888159369084,0.0
863,0.05292307087198655,0.5332047021150751,0.06021245729925265,0.023598226156939916,1.0
864,0.04660442501447973,0.1422062785928893,-0.20066132949533091,0.0938308373655318,0.0
865,0.05292307087198655,0.5332047021150751,0.06021245729925265,0.023598226156939916,1.0
866,0.05292307087198655,0.5332047021150751,0.06021245729925265,0.023598226156939916,0.0
867,-1.415444092349957,1.8074323820808122,2.5831191414848202,2.308164576306031,1.0
868,2.957672114479823,-5.1062308923871225,-3.802395437772179,5.429550854333858,0.0
869,-1.3093899518037955,1.7154001405245707,2.4008999344832374,2.1431597145423655,0.0
870,-0.4710728450546009,1.9506113681685822,1.305584727199384,1.3808473821868945,0.0
871,-1.4006036599380063,1.794554070555189,2.5576207327311407,2.285075015766138,1.0
872,1.9170149496647626,-6.074862065662498,-3.7285906818312182,1.5167565355013202,0.0
873,-1.0876940473814942,1.5230156572526325,2.0199883388464124,1.7982330395970305,1.0
874,-0.9085101868441555,1.3675225077062976,1.7121197275272304,1.5194489394574,0.0
875,-0.14762603142495587,-0.5809042898743202,0.4145539842279789,4.8469163359206515,1.0
876,1.9253428423219883,-2.748704470680497,-1.9103304335501559,5.5218479797147,0.0
877,-1.7191129261285085,2.0709517818844017,3.1048742921772936,2.7806292408775564,1.0
878,0.05292307087198655,0.5332047021150751,0.06021245729925265,0.023598226156939916,1.0
879,0.05292307087198655,0.5332047021150751,0.06021245729925265,0.023598226156939916,1.0
880,0.05292307087198655,0.5332047021150751,0.06021245729925265,0.023598226156939916,1.0
881,0.05292307087198655,0.5332047021150751,0.06021245729925265,0.023598226156939916,0.0
882,2.4163672855845153,-6.789087058868922,-4.858548937836393,2.376632600940635,1.0
883,0.05292307087198655,0.5332047021150751,0.06021245729925265,0.023598226156939916,0.0
884,-1.4460489175368816,2.15591213647859,2.422875816841891,3.512255288216171,1.0
885,-2.593142175426013,2.8294216594801433,4.60660648182111,4.140491993194728,1.0
886,0.15386378936213613,-1.2344746205413062,-0.08119319335027969,5.041910552914768,1.0
887,3.0497883913261306,-8.230431431201103,-6.0062531126677206,2.3758877742302698,1.0
888,0.05292307087198655,0.5332047021150751,0.06021245729925265,0.023598226156939916,1.0
889,-0.6850813953890231,1.1736342502566248,1.3282307346919593,1.171826143607857,1.0
890,-1.377527314684402,1.7745287535833303,2.51797161284811,2.249171569290852,1.0
891,2.396095790765649,-4.702661166543879,-3.8413808820473596,1.6234360448945013,0.0
892,5.04500996036574,-9.728193576025168,-7.392458726226432,6.163246448017851,0.0
893,3.8238426377340957,-8.66780097880847,-5.266111240197285,10.73429822615694,1.0
894,0.05292307087198655,0.5332047021150751,0.06021245729925265,0.023598226156939916,1.0
895,0.05292307087198655,0.5332047021150751,0.06021245729925265,0.023598226156939916,1.0
896,-1.181515571542394,1.6044326121238324,2.1811898123979114,1.9442057243493753,1.0
897,-1.2586489107609828,1.6713678026826102,2.3137181213674007,2.0642140136022915,1.0
898,4.126978927442396,-10.50588400625722,-7.685221482247449,3.4288249041317576,1.0
899,1.4090585741302564,-2.2378520178571817,-2.0507956719300475,1.3236011794338969,0.0
900,0.05292307087198655,0.5332047021150751,0.06021245729925265,0.023598226156939916,0.0
901,4.378126694988599,-8.579331721497491,-6.7786088669604005,3.8465498092595283,0.0
902,2.1540745372647025,-6.845163840292335,-4.188491698338439,1.699772464841567,0.0
903,0.05292307087198655,0.5332047021150751,0.06021245729925265,0.023598226156939916,0.0
904,0.05292307087198655,0.5332047021150751,0.06021245729925265,0.023598226156939916,0.0
905,-0.19811560404558198,0.7510524150944319,0.4915399663869039,0.4141779964401896,0.0
906,2.2282289035326546,-5.54497236249076,-3.9026528204099455,1.6185393802628762,0.0
907,-2.9338457619012095,3.125079279334365,5.1919936909426925,4.670577361849009,1.0
908,0.4199495863813584,-2.340020998291013,-1.3786291904610706,1.8554651870206944,1.0
909,3.814635301393344,-9.727411505336633,-7.006756282433063,3.8707491750631777,1.0
910,0.05292307087198655,0.5332047021150751,0.06021245729925265,0.023598226156939916,0.0
911,-2.4683577662031624,2.721135563030644,4.3922054600632485,3.9463455498023063,1.0
912,-1.1801828117380746,1.6032760625387252,2.178899902419706,1.9421321433826788,1.0
913,2.552725239819282,-4.377421579690901,-3.3789186555960815,4.220947960118499,0.0
914,-0.05670939718530738,0.6283421642706819,0.2485798448255431,0.19417044656666005,0.0
915,-0.6762586846187549,1.1659780300976699,1.3130718040563103,1.1580992851982577,0.0
916,-0.052122854752045006,0.6243620294173687,0.24069937810576988,0.18703445172217553,0.0
917,0.05292307087198655,0.5332047021150751,0.06021245729925265,0.023598226156939916,1.0
918,-0.7540120717803263,1.2334512892483114,1.4466654617608081,1.2790722791255202,1.0
919,0.9362964938470665,-1.5157627530773863,-1.4433382026423154,0.6363027913834731,0.0
920,2.990591139562053,-5.48374489430256,-4.354442753031599,3.5061174256693555,0.0
921,-1.0921481577825496,1.526880869513437,2.0276412646161948,1.8051629894058865,1.0
922,0.05292307087198655,0.5332047021150751,0.06021245729925265,0.023598226156939916,1.0
923,-0.875111974342414,1.3385400243758225,1.654735868999908,1.467486164514118,1.0
924,3.4623507080590206,-6.100040740703795,-4.469233669970738,6.392660127526935,0.0
925,-1.1257673223008742,1.5560550917921303,2.0854047566122325,1.8574695336425213,0.0
926,-0.006992890700178665,0.5851989026251805,0.1631583578382809,0.11681877281111826,1.0
927,0.05292307087198655,0.5332047021150751,0.06021245729925265,0.023598226156939916,1.0
928,0.05155099516950301,0.4483005234789519,0.003564467785728518,0.03884903487995085,0.0
929,4.032184100164549,-7.507074141895918,-5.6855500935328465,5.670245931574271,0.0
930,1.0019735155651956,-2.3008241229899467,-1.730139542778216,0.7383735480162001,0.0
931,-0.2886402656980089,0.8296084006041815,0.6470768645734676,0.5550212412700299,1.0
932,0.05292307087198655,0.5332047021150751,0.06021245729925265,0.023598226156939916,1.0
933,-0.49045812906035235,1.0047430087927545,0.9938345755996882,0.869020567218527,0.0
934,0.05292307087198655,0.5332047021150751,0.06021245729925265,0.023598226156939916,0.0
935,4.325961996375279,-8.216118972985111,-6.286028249045393,5.401675041069285,0.0
936,0.05292307087198655,0.5332047021150751,0.06021245729925265,0.023598226156939916,0.0
937,0.05292307087198655,0.5332047021150751,0.06021245729925265,0.023598226156939916,1.0
938,0.05292307087198655,0.5332047021150751,0.06021245729925265,0.023598226156939916,0.0
939,0.05292307087198655,0.5332047021150751,0.06021245729925265,0.023598226156939916,1.0
940,4.466405624882757,-8.805519106730493,-6.9803921235793585,3.6824886040171045,0.0
941,-0.3881134892657564,0.9159298180671827,0.8179889272525911,0.7097871506391054,1.0
942,0.05292307087198655,0.5332047021150751,0.06021245729925265,0.023598226156939916,1.0
943,-2.053435427436109,2.3610719887860423,3.6792977023084648,3.3007865664534712,1.0
944,0.05292307087198655,0.5332047021150751,0.06021245729925265,0.023598226156939916,0.0
945,0.017075432564286026,0.5643127615549522,0.12180484955918106,0.07937195241651407,0.0
946,-1.607985823187002,1.9745172973023823,2.913938865515939,2.6077315853534064,1.0
947,0.044161494418744465,0.5408078708023673,0.07526634869068403,0.037229968435495635,1.0
948,-0.5380223052365526,0.06860455733757781,0.736433071571283,3.3443605346156304,1.0
949,0.05292307087198655,0.5332047021150751,0.06021245729925265,0.023598226156939916,0.0
950,0.05292307087198655,0.5332047021150751,0.06021245729925265,0.023598226156939916,1.0
951,0.05292307087198655,0.5332047021150751,0.06021245729925265,0.023598226156939916,0.0
952,-0.4626801191024081,0.9806376555341659,0.9461071891859958,0.8258020123410276,0.0
953,0.05292307087198655,0.5332047021150751,0.06021245729925265,0.023598226156939916,0.0
954,-0.717659275699734,1.2019048612361243,1.3842051217874478,1.2225126006338543,0.0
955,-1.0924296642477742,1.527125156731963,2.0281249410157662,1.8056009726391742,1.0
956,6.210087930612842,-12.211671842324174,-9.239624092632795,7.184719196334365,0.0
957,-0.25123729348296353,1.9750172116950988,1.6773366217849857,4.1479368315759615,0.0
958,-2.2555835548098733,2.5364931952829877,4.0266228635629595,3.615299735305879,1.0
959,-4.252885547348528,4.9251531444753995,7.543072591485463,6.8799735738831105,1.0
960,-0.5732582013783748,1.0765957079632287,1.1360993041596883,0.9978454713335161,1.0
961,-0.2641342748578679,0.8083424579737453,0.6049713683176671,0.5168934736021652,0.0
962,-1.5042500332198312,1.8844968866788974,2.7357029825211305,2.4463337408625794,1.0
963,2.0732128289850538,-3.6347747442691243,-3.0732194529658647,2.0252333790542236,0.0
964,-1.1098449529787224,1.542237891142938,2.0580473946410045,1.8326966361825856,1.0
965,-2.4875511161694086,4.965188760129889,5.032398266840436,6.341892459371384,1.0
966,8.398718598325528,-17.672395484950453,-13.664475605599998,5.670381544896545,0.0
967,0.05292307087198655,0.5332047021150751,0.06021245729925265,0.023598226156939916,0.0
968,6.59335914783643,-14.40391769378555,-10.88636715163782,4.510033289134226,0.0
969,-0.6773673990345561,1.1669401563513588,1.3149767656221492,1.159824284033499,0.0
970,-0.4788219871092531,0.9946453339512883,0.9738416875524339,0.850916417920671,1.0
971,-1.1750721762698693,1.5988411273679382,2.1701189539579606,1.9341807357845129,0.0
972,1.167578569287753,-1.0699275246958346,-0.6056178550370797,5.2610229907435775,0.0
973,3.476629694383954,-6.579052954301385,-5.2214231456062405,3.555761596275374,0.0
974,-0.7446794160210313,1.2253525462404715,1.4306303581531628,1.2645520202698082,0.0
975,-0.9479016817195873,1.4017058743619282,1.7798010733176273,1.5807363925743827,1.0
976,0.05292307087198655,0.5332047021150751,0.06021245729925265,0.023598226156939916,1.0
977,-1.7008284651297063,2.055084792413726,3.073458451489745,2.7521812713405507,1.0
978,0.4396504548589149,-2.754772787208629,-1.7805768276370266,0.63087992077554,1.0
979,0.05292307087198655,0.5332047021150751,0.06021245729925265,0.023598226156939916,0.0
980,1.9057561204378795,-3.77675345241343,-3.07619462292906,1.3048519776559955,0.0
981,-0.7647937797113579,1.24280749866727,1.4651902855837884,1.2958470530058643,0.0
982,-1.1869413802448388,1.6091410500459147,2.1905122825439167,1.9526474957907587,1.0
983,-0.25808262640586543,0.8030909254142434,0.594573598119376,0.5074779862753849,0.0
984,1.1373004880593482,-5.892829551182309,-3.3769154702837976,1.2477581696350644,1.0
985,8.465550474479985,-17.94548956735508,-13.80972539914647,5.727003137488199,0.0
986,0.05292307087198655,0.5332047021150751,0.06021245729925265,0.023598226156939916,0.0
987,1.4479777999462715,-2.303465596091397,-2.0842878835227827,1.4679114028887055,0.0
988,-1.2715491612539236,1.6825624525415244,2.3358829647468284,2.084284932458853,0.0
989,-0.05776638105715209,-1.075582054678192,-0.22092117675463452,3.000152653517896,1.0
990,3.30026917704391,-6.1033895721402684,-4.779609373694404,4.034661888977053,0.0
991,-0.9335693632365909,1.389268496717875,1.7551756914606222,1.5584373836166865,0.0
992,-0.9372799431335337,1.392488484015217,1.7615511042719931,1.5642105077946302,1.0
993,2.2374476541131516,-6.9781125191046005,-4.817098387503834,1.8733984261727123,1.0
994,1.3307095142591283,-4.1073076701975735,-2.5394559861792487,3.7597980178903176,1.0
995,0.05292307087198655,0.5332047021150751,0.06021245729925265,0.023598226156939916,0.0
996,0.05292307087198655,0.5332047021150751,0.06021245729925265,0.023598226156939916,0.0
997,5.433212428389516,-13.28776693754061,-9.375536329799024,3.8528168524567468,0.0
998,1.2312062632058043,-0.80462316555611,-0.05442890231494237,7.863595692095495,0.0
999,-0.3470853380198017,0.8803261848037532,0.7474955250499228,0.6459532975722289,0.0
1000,-0.6173031351688161,1.114817261266621,1.2117760563015632,1.0663730005186518,1.0
1001,-2.1292775779289856,2.426886704537448,3.809607527544297,3.418785953308991,1.0
1002,-1.365627322043719,1.764202112948794,2.4975253840526763,2.2306569065860056,1.0
1003,-2.080256917939563,2.3843472883660515,3.7253816242088327,3.342516915782846,1.0
1004,4.413771500054109,-12.962904280473957,-8.230825059583607,3.3342479016641007,0.0
1005,0.18214435948384913,-2.5290041108856376,-0.9460313213007606,0.3653217468560027,0.0
1006,3.9632041886809173,-10.584161085820503,-7.10168795721368,2.904209781127633,0.0
1007,0.05292307087198655,0.5332047021150751,0.06021245729925265,0.023598226156939916,1.0
1008,-2.652195149029369,2.880666971575364,4.7080696209845,4.232369855727723,0.0
1009,-1.436488234749903,2.7517788921291078,2.7390124586362172,2.562966368344076,0.0
1010,0.018902795423628504,0.8344934442673902,0.33064177956073093,0.7977604104393858,0.0
1011,1.0344324935964628,-3.4448305640984778,-2.082672741603951,0.8567516530600363,0.0
1012,2.014607206318441,-5.606958573008604,-3.699044196127315,1.521561120189071,0.0
1013,0.05292307087198655,0.5332047021150751,0.06021245729925265,0.023598226156939916,0.0
1014,-1.4038305855477649,1.797354349692542,2.5631651445064394,2.290095644017122,0.0
1015,0.5497845133317396,-2.4797987511193265,-1.312463363975286,0.537384304226586,0.0
1016,-0.9946866601489617,1.442305198573524,1.8601856922026965,1.6535270338317591,0.0
1017,-0.4588465081844347,0.5169961394457852,0.6240418023208129,0.8899637942651162,1.0
1018,0.05292307087198655,0.5332047021150751,0.06021245729925265,0.023598226156939916,1.0
1019,-0.09823567047178204,0.664378060600141,0.3199291061464516,0.25877930528644305,0.0
1020,-0.5040340593533794,1.016524003760459,1.01716035278825,0.8901427458508556,1.0
1021,-0.5733851946612623,1.0767059108881358,1.1363175004053334,0.9980430544639799,1.0
1022,3.504741845494453,-7.948409887113771,-5.892728684606898,2.4472878680072014,0.0
1023,0.04077672237020038,0.5437451267848324,0.08108196772630641,0.04249618285291803,1.0
1024,-0.850792684513277,1.317436098168838,1.612951157109493,1.4296488765423143,1.0
1025,-0.24563827414502848,0.7922918974141833,0.5731920661118532,0.4881163789495114,1.0
1026,-0.9496671740614406,1.4032379429528798,1.7828344920304016,1.5834832426107144,1.0
1027,5.40173916165954,-11.865996945807414,-8.946576905783928,3.7099530958818865,0.0
1028,0.06445514769551632,-0.8048609043819568,-0.4780622693074828,0.186268234221133,0.0
